Workbook

Sheet cards
A1: Set | B1: Nm | C1: Fac | D1: Fac Nm | E1: Name | F1: Type | G1: SubType | H1: Cst | I1: Atk | J1: Life | K1: Sh | L1: Abilities1 | M1: Abilities2
A3: C | B3: =IF(A3="","",IF(A2=A3,B2+1,1)) -> 1 | C3: Apoc | D3: =IF(C3="","",IF(C3=C2,D2+1,1)) -> 1 | E3: Set Overwatch | F3: Apoc | G3: Base | L3: Use before carrying out an order for a Detachment. The order is changed to Aimed Fire.
A4: C | B4: =IF(A4="","",IF(A3=A4,B3+1,1)) -> 2 | C4: Apoc | D4: =IF(C4="","",IF(C4=C3,D3+1,1)) -> 2 | E4: Signal Advance | F4: Apoc | G4: Base | L4: Use before carrying out an order for a Detachment. The order is changed to Advance.
A5: C | B5: =IF(A5="","",IF(A4=A5,B4+1,1)) -> 3 | C5: Apoc | D5: =IF(C5="","",IF(C5=C4,D4+1,1)) -> 3 | E5: Forward, For Glory | F5: Apoc | G5: Base | L5: Use before carrying out an order for a Detachment. The order is changed to Assault.
A6: C | B6: =IF(A6="","",IF(A5=A6,B5+1,1)) -> 4 | C6: Apoc | D6: =IF(C6="","",IF(C6=C5,D5+1,1)) -> 4 | E6: Look out, Sir! | F6: Apoc | G6: Base | L6: Use at the start of the Damage phase. A Light Character can remove D3 blast markers and put it on a friendly light unit with 6” of it.
A7: C | B7: =IF(A7="","",IF(A6=A7,B6+1,1)) -> 5 | C7: Apoc | D7: =IF(C7="","",IF(C7=C6,D6+1,1)) -> 5 | E7: Divine Intervention | F7: Apoc | G7: Base | L7: Use after rolling any dice in Orders, Action or Damage phase. Change the result of 1 dice to any of your choosing.
A8: C | B8: =IF(A8="","",IF(A7=A8,B7+1,1)) -> 6 | C8: Apoc | D8: =IF(C8="","",IF(C8=C7,D7+1,1)) -> 6 | E8: Strike True | F8: Apoc | G8: Base | L8: Reroll the dice for a single Wound roll.
A9: C | B9: =IF(A9="","",IF(A8=A9,B8+1,1)) -> 7 | C9: Apoc | D9: =IF(C9="","",IF(C9=C8,D8+1,1)) -> 7 | E9: Miraculous Escape | F9: Apoc | G9: Base | L9: Use in the Damage Phase. Remove 1 blast marker on a friendly unit.
A10: C | B10: =IF(A10="","",IF(A9=A10,B9+1,1)) -> 8 | C10: Apoc | D10: =IF(C10="","",IF(C10=C9,D9+1,1)) -> 8 | E10: Go to Ground | F10: Apoc | G10: Base | L10: Use at start of the Damage phase. 1 Infantry unit not in base contact with an enemy unit doubles their saving throw results until the end of the phase.
A11: C | B11: =IF(A11="","",IF(A10=A11,B10+1,1)) -> 9 | C11: Apoc | D11: =IF(C11="","",IF(C11=C10,D10+1,1)) -> 9 | E11: Medical Suppies | F11: Apoc | G11: Base | L11: Use at the start of the Action phase. Remove d3 damage markers from a light unit. | M11: remove
A12: C | B12: =IF(A12="","",IF(A11=A12,B11+1,1)) -> 10 | C12: Apoc | D12: =IF(C12="","",IF(C12=C11,D11+1,1)) -> 10 | E12: Aim True | F12: Apoc | G12: Base | L12: Reroll the dice for a single Hit Roll. | M12: remove
A13: C | B13: =IF(A13="","",IF(A12=A13,B12+1,1)) -> 11 | C13: Apoc | D13: =IF(C13="","",IF(C13=C12,D12+1,1)) -> 11 | E13: Finest Hour | F13: Apoc | G13: Extra | L13: Use in action phase. Select 1 warmaster or Warlord. Until the end of the turn, add 1 to the unit's Attacks characteristic, add 2 to wound rolls for that unit's melee attacks, and the units melee attacks gain Destroyer.
A14: C | B14: =IF(A14="","",IF(A13=A14,B13+1,1)) -> 12 | C14: Apoc | D14: =IF(C14="","",IF(C14=C13,D13+1,1)) -> 12 | E14: Armour of Contempt | F14: Apoc | G14: Extra | L14: Use in the Damage phase. 1 unit rolls D12s for all their saving throws, regardless of the blast type.
A15: C | B15: =IF(A15="","",IF(A14=A15,B14+1,1)) -> 13 | C15: Apoc | D15: =IF(C15="","",IF(C15=C14,D14+1,1)) -> 13 | E15: Deny the Witch | F15: Apoc | G15: Extra | L15: Use when an enemy uses a Psychic Command Asset before resolving it. Roll a D12. On a 4+, cancel that asset.
A16: C | B16: =IF(A16="","",IF(A15=A16,B15+1,1)) -> 14 | C16: Apoc | D16: =IF(C16="","",IF(C16=C15,D15+1,1)) -> 14 | E16: Capture & Control | F16: Apoc | G16: Extra | L16: Use at the end of a turn. When used, select 1 objective marker in your control. You count as controlling that objective marker (even without units near it), until an enemy takes control of the marker.
A17: C | B17: =IF(A17="","",IF(A16=A17,B16+1,1)) -> 15 | C17: Apoc | D17: =IF(C17="","",IF(C17=C16,D16+1,1)) -> 15 | E17: Noble Sacrifice | F17: Apoc | G17: Extra | L17: Use when a friendly unit is destroyed, if it could explode or crush those nearby, it automatically explodes or crushes those nearby. Otherwise, place a blast marker near the closest enemy unit within 3”.
A18: C | B18: =IF(A18="","",IF(A17=A18,B17+1,1)) -> 16 | C18: Apoc | D18: =IF(C18="","",IF(C18=C17,D17+1,1)) -> 16 | E18: Reinforcements | F18: Apoc | G18: Extra | L18: Use in the Reinforcements Step. Select 1 destroyed non-character unit and roll a d12. If it's over the unit's power level, return it to the battlefield within 6” of a battlefield edge and 9” from enemy units. It is a brand new detachment. Otherwise return this card to your hand and you can't use it this turn.
A19: C | B19: =IF(A19="","",IF(A18=A19,B18+1,1)) -> 17 | C19: Apoc | D19: =IF(C19="","",IF(C19=C18,D18+1,1)) -> 17 | E19: Insane Bravery | F19: Apoc | G19: Extra | L19: Use when a unit fails a moral test. That unit passes the test instead.
A20: C | B20: =IF(A20="","",IF(A19=A20,B19+1,1)) -> 18 | C20: Apoc | D20: =IF(C20="","",IF(C20=C19,D19+1,1)) -> 18 | E20: Hold at All Costs | F20: Apoc | G20: Extra | L20: Use in any phase. Select 1 friendly unit. Until end of battle, that unit has the 'Objective Secured' ability. This turn, if it is a character, that unit can roll a D12 instead of a D6 for one Armour Save roll.
A21: C | B21: =IF(A21="","",IF(A20=A21,B20+1,1)) -> 19 | C21: Apoc | D21: =IF(C21="","",IF(C21=C20,D20+1,1)) -> 19 | E21: Behind Enemy Lines | F21: Apoc | G21: Extra | L21: Use in any phase.A unit discards all 'out of command' tokens and never gains them for the rest of the battle.
A22: C | B22: =IF(A22="","",IF(A21=A22,B21+1,1)) -> 20 | C22: Apoc | D22: =IF(C22="","",IF(C22=C21,D21+1,1)) -> 20 | E22: Seize the Initiative | F22: Apoc | G22: Extra | L22: Use after a detachment has performed an order. You can choose a detachment to perform their order next, out of order.
A23: C | B23: =IF(A23="","",IF(A22=A23,B22+1,1)) -> 21 | C23: Apoc | D23: =IF(C23="","",IF(C23=C22,D22+1,1)) -> 21 | E23: Overwhelming Firepower | F23: Apoc | G23: Extra | L23: Use before carrying out an order for a Detachment that chose Aimed Fire. Until the end of the phase, re-roll hit rolls of 1 for attacks from units in that detachment.
A24: C | B24: =IF(A24="","",IF(A23=A24,B23+1,1)) -> 22 | C24: Apoc | D24: =IF(C24="","",IF(C24=C23,D23+1,1)) -> 22 | E24: Blood And Guts | F24: Apoc | G24: Extra | L24: Use before carrying out an order for a Detachment that chose Assault. Until the end of the phase, re-roll hit rolls of 1 for attacks from units in that detachment.
... A27: C | B27: =IF(A27="","",IF(A26=A27,B26+1,1)) -> 25 | C27: Apoc | D27: =IF(C27="","",IF(C27=C26,D26+1,1)) -> 25 | E27: Smite | F27: Apoc | G27: Psychic | L27: Use in the action phase. A friendly Psyker Tests. On a 2+, the closest enemy within 36” gets a blast marker. on a 7+, they get 2 blast markers instead.
A28: C | B28: =IF(A28="","",IF(A27=A28,B27+1,1)) -> 26 | C28: Orks | D28: =IF(C28="","",IF(C28=C27,D27+1,1)) -> 1 | E28: Ere We go! | F28: Orks | L28: Use when a detachment activates. Any units activate as if they were under the 'Assault' order, and can reroll wound rolls.
A29: C | B29: =IF(A29="","",IF(A28=A29,B28+1,1)) -> 27 | C29: Orks | D29: =IF(C29="","",IF(C29=C28,D28+1,1)) -> 2 | E29: Dakka! Dakka! Dakka! | F29: Orks | L29: Use in the action phase. Choose up to 3 Ork units in a Detachment lead by an Ork Commander. Rolls of 6s for ranged attacks cause 2 hits.
A30: C | B30: =IF(A30="","",IF(A29=A30,B29+1,1)) -> 28 | C30: Orks | D30: =IF(C30="","",IF(C30=C29,D29+1,1)) -> 3 | E30: Da Green Tide | F30: Orks | L30: Use in the Reinforcements Step. Select 1 destroyed friendly non-character light Ork unit that was destroyed and Roll a d12 and add 4. If it's more than the unit's Power, return it to the battlefield within 9” of a battlefield edge and 9” from enemy units, as its own detachment. Otherwise return this card to your hand and you can't use it this turn.
A31: C | B31: =IF(A31="","",IF(A30=A31,B30+1,1)) -> 29 | C31: Orks | D31: =IF(C31="","",IF(C31=C30,D30+1,1)) -> 4 | E31: Grot Shields | F31: Orks | L31: Use during the start of the damage Phase. 1 Ork light unit can move d3 blast markers to a gretchin unit within 6”.
A32: C | B32: =IF(A32="","",IF(A31=A32,B31+1,1)) -> 30 | C32: Orks | D32: =IF(C32="","",IF(C32=C31,D31+1,1)) -> 5 | E32: Brutal but Kunnin' | F32: Orks | L32: Use in the action phase. A single Ork Character gets +1 to hit and damage rolls, and a unit with 6” gets Stealth.
A33: C | B33: =IF(A33="","",IF(A32=A33,B32+1,1)) -> 31 | C33: Orks | D33: =IF(C33="","",IF(C33=C32,D32+1,1)) -> 6 | E33: Kunnin but Brutal | F33: Orks | L33: Use in the action phase. A single Ork Character gets stealth, and a unit with 6” gets +1 to hit and damage rolls.
A34: C | B34: =IF(A34="","",IF(A33=A34,B33+1,1)) -> 32 | C34: Orks | D34: =IF(C34="","",IF(C34=C33,D33+1,1)) -> 7 | E34: Da Krunch | F34: Orks | G34: Psychic | L34: Choose an enemy unit within 24” of an Ork Psyker. Roll a D12. On a 3+, the model gets 2 blast markers. On a 8+, the model gets 4 blast markers.
A35: C | B35: =IF(A35="","",IF(A34=A35,B34+1,1)) -> 33 | C35: Orks | D35: =IF(C35="","",IF(C35=C34,D34+1,1)) -> 8 | E35: Da Jump | F35: Orks | G35: Psychic | L35: Choose unit within 9” of an Ork Psyker. Roll a D12. On a 2+, move that unit anywhere on the battlefield further than 9” from enemy units.
A36: C | B36: =IF(A36="","",IF(A35=A36,B35+1,1)) -> 34 | C36: Orks | D36: =IF(C36="","",IF(C36=C35,D35+1,1)) -> 9 | E36: Warpath | F36: Orks | G36: Psychic | L36: Choose up to 3 light units within 12” of an Ork Psyker. Roll a D12. On a 2+, They perform a free fight action.
A37: C | B37: =IF(A37="","",IF(A36=A37,B36+1,1)) -> 35 | C37: Orks | D37: =IF(C37="","",IF(C37=C36,D36+1,1)) -> 10 | E37: Taktiks | F37: Blood Axes | L37: Use during the Action phase. Choose a detachment. Blood Axe units in that detachment can end within 1” of enemy units, and can shoot or fight, when they make a fall back move that phase.
A38: C | B38: =IF(A38="","",IF(A37=A38,B37+1,1)) -> 36 | C38: Orks | D38: =IF(C38="","",IF(C38=C37,D37+1,1)) -> 11 | E38: Da Old Ways | F38: Snakebites | L38: Use during the Damage phase. Snakebite Units in a single detachment get Ignore Damage (5+) ability.
A39: C | B39: =IF(A39="","",IF(A38=A39,B38+1,1)) -> 37 | C39: Orks | D39: =IF(C39="","",IF(C39=C38,D38+1,1)) -> 12 | E39: Kill-Kroozer Broadside | F39: Freebooterz | L39: Use in the Action Phase. Select a point visible to a friendly Freebooterz character. Roll a D12 for every unit within 6”. On a 7+, they get a blast marker. On an 11+, they take an additional blast marker. Light Characters subtract 3 from the roll.
A40: C | B40: =IF(A40="","",IF(A39=A40,B39+1,1)) -> 38 | C40: Orks | D40: =IF(C40="","",IF(C40=C39,D39+1,1)) -> 13 | E40: Speed Freeks | F40: Evil Sunz | L40: Use in Action Phase. Up to 3 Speed Freeks in a detachment can make 1 free move action.
A41: C | B41: =IF(A41="","",IF(A40=A41,B40+1,1)) -> 39 | C41: Orks | D41: =IF(C41="","",IF(C41=C40,D40+1,1)) -> 14 | E41: Armed To Da Teef | F41: Bad Moons | L41: Bad Moons Only. Use in Action Phase. Choose a detachment. Bad Moon units in that detachment can reroll hit rolls for attacks with ranged weapons.
A42: C | B42: =IF(A42="","",IF(A41=A42,B41+1,1)) -> 40 | C42: Orks | D42: =IF(C42="","",IF(C42=C41,D41+1,1)) -> 15 | E42: Proper Killy | F42: Goffs | L42: Goffs Only. Select 1 detachment. Their order is changed to 'Assault', and Goff units in that detachment add 1 to hit and wound rolls for melee attacks for Goff units in that detachment.
A43: C | B43: =IF(A43="","",IF(A42=A43,B42+1,1)) -> 41 | C43: Orks | D43: =IF(C43="","",IF(C43=C42,D42+1,1)) -> 16 | E43: Lucky Blue Gits | F43: Deathskulls | L43: Deathskulls Only. Choose a detachment. Until the end of the turn, Reroll 1s for hits and wound rolls, and reroll save rolls of 1 for Deathskulls in that detachment.
A44: C | B44: =IF(A44="","",IF(A43=A44,B43+1,1)) -> 42 | C44: Eldar | D44: =IF(C44="","",IF(C44=C43,D43+1,1)) -> 1 | E44: Webway Strike | F44: Eldar | L44: Use in the Reinforcements Step. Select 1 friendly Eldar non-character unit that was destroyed. Roll a D12. If it exceeds the power level of that unit, return it to the battlefield 9” away from enemy units, as a new Detachment. If the roll fails, return this card back into your hand and you cant use it this turn.
A45: C | B45: =IF(A45="","",IF(A44=A45,B44+1,1)) -> 43 | C45: Eldar | D45: =IF(C45="","",IF(C45=C44,D44+1,1)) -> 2 | E45: Matchless Agility | F45: Eldar | L45: Choose up to 2 Eldar light units in a detachment. they may make a free move.
A46: C | B46: =IF(A46="","",IF(A45=A46,B45+1,1)) -> 44 | C46: Eldar | D46: =IF(C46="","",IF(C46=C45,D45+1,1)) -> 3 | E46: Foreworned | F46: Eldar | L46: Use when an enemy unit moves within 10” of a Eldar unit. Up to 2 friendly Eldar units within 10” may make a free shoot action at the enemy unit.
A47: C | B47: =IF(A47="","",IF(A46=A47,B46+1,1)) -> 45 | C47: Eldar | D47: =IF(C47="","",IF(C47=C46,D46+1,1)) -> 4 | E47: Fire And Fade | F47: Eldar | L47: Use during the Action Phase after an Eldar unit attacked. It may make a free move action.
A48: C | B48: =IF(A48="","",IF(A47=A48,B47+1,1)) -> 46 | C48: Eldar | D48: =IF(C48="","",IF(C48=C47,D47+1,1)) -> 5 | E48: Phantasm | F48: Eldar | L48: Use when an Eldar unit is the target of an enemy ranged attack. Move the Eldar unit anywhere on the battlefield more than 9” from any enemy units. If it no longer visible or in range, your enemy must pick a new unit to attack, if able.
A49: C | B49: =IF(A49="","",IF(A48=A49,B48+1,1)) -> 47 | C49: Eldar | D49: =IF(C49="","",IF(C49=C48,D48+1,1)) -> 6 | E49: Feined Retreat | F49: Eldar | L49: Use during the Action Phase. An Eldar unit that fell back may end within 1” of an enemy unit, and may still make range or close combat attacks this turn.
A50: C | B50: =IF(A50="","",IF(A49=A50,B49+1,1)) -> 48 | C50: Eldar | D50: =IF(C50="","",IF(C50=C49,D49+1,1)) -> 7 | E50: Runes of Witnessing | F50: Eldar | G50: Psychic | L50: Use during the Action phase. Choose a detachment with an Eldar Psyker. You can change their order to any order before performing it.
A51: C | B51: =IF(A51="","",IF(A50=A51,B50+1,1)) -> 49 | C51: Eldar | D51: =IF(C51="","",IF(C51=C50,D50+1,1)) -> 8 | E51: Guide | F51: Eldar | G51: Psychic | L51: Use in the Action phase. Roll a D12. On a 2+, units within 6” of an Eldar Psyker roll D12s instead of D6s to hit.
A52: C | B52: =IF(A52="","",IF(A51=A52,B51+1,1)) -> 50 | C52: Eldar | D52: =IF(C52="","",IF(C52=C51,D51+1,1)) -> 9 | E52: Doom | F52: Eldar | G52: Psychic | L52: Use in the Action phase. Roll a D12. On a 2+, choose an enemy unit within 24” an Eldar Psyker unit. Reroll all failed wound rolls for attacks against that unit.
A53: C | B53: =IF(A53="","",IF(A52=A53,B52+1,1)) -> 51 | C53: Eldar | D53: =IF(C53="","",IF(C53=C52,D52+1,1)) -> 10 | E53: Fortune | F53: Eldar | G53: Psychic | L53: Use at the start of the Damage phase. Roll a D12. On success, up to 1 friendly unit within 24” of an Eldar Psyker can roll D12s for saving throws, even for large blast markers.
A54: C | B54: =IF(A54="","",IF(A53=A54,B53+1,1)) -> 52 | C54: Eldar | D54: =IF(C54="","",IF(C54=C53,D53+1,1)) -> 11 | E54: Mind War | F54: Eldar | G54: Psychic | L54: Use during the Action phase. Choose an Eldar Psyker and an enemy unit within 24”. Both units roll a d6 and add their leadership. If your roll is higher, the enemy takes 2 blast markers. If your roll is twice as high, the enemy takes 4 blast markers.
A55: C | B55: =IF(A55="","",IF(A54=A55,B54+1,1)) -> 53 | C55: Eldar | D55: =IF(C55="","",IF(C55=C54,D54+1,1)) -> 12 | E55: Wild Host | F55: Saim-Hann | L55: Use before carrying out an order for a Detachment lead by a Saim-Hann Commander. The order is changed to Advance, and until the end of the phase, double the Move Characterstic for Saim-Hann units in that detachment.
A56: C | B56: =IF(A56="","",IF(A55=A56,B55+1,1)) -> 54 | C56: Eldar | D56: =IF(C56="","",IF(C56=C55,D55+1,1)) -> 13 | E56: Forsight of the Damned | F56: Ulthwe | L56: Use during the Damage phase. Ulthwe Units in a single detachment get Ignore Damage (5+) ability.
A57: C | B57: =IF(A57="","",IF(A56=A57,B56+1,1)) -> 55 | C57: Eldar | D57: =IF(C57="","",IF(C57=C56,D56+1,1)) -> 14 | E57: Strength From Death | F57: Ynnari | L57: Use during the Damage phase, when a unit within 7” of Ynnari unit is destroyed. It can either make a free Move, Fight or Shoot action.
A58: C | B58: =IF(A58="","",IF(A57=A58,B57+1,1)) -> 56 | C58: Eldar | D58: =IF(C58="","",IF(C58=C57,D57+1,1)) -> 15 | E58: Fieldcraft | F58: Alaitoc | L58: Use in the Action Phase. Select 1 detachment. Alaitoc units in that detachment are obscured targets.
A59: C | B59: =IF(A59="","",IF(A58=A59,B58+1,1)) -> 57 | C59: Eldar | D59: =IF(C59="","",IF(C59=C58,D58+1,1)) -> 16 | E59: Swordwind | F59: Bielt-Tan | L59: Use in the Action Phase. Select 1 detachment. Biel-Tan units that hit using a small arms weapon score two hits instead of 1. Small Arms weapons count as Melee weapons as well for these units this turn.
A60: C | B60: =IF(A60="","",IF(A59=A60,B59+1,1)) -> 58 | C60: Eldar | D60: =IF(C60="","",IF(C60=C59,D59+1,1)) -> 17 | E60: Stoic Endurance | F60: Iyanden | L60: Select a detachment. Iyanden units in that detachment ignore penalties for being critically damaged, and reroll failed Morale tests this turn.
A61: C | B61: =IF(A61="","",IF(A60=A61,B60+1,1)) -> 59 | C61: Space Marines | D61: =IF(C61="","",IF(C61=C60,D60+1,1)) -> 1 | E61: Angels of Death | F61: Space Marines | L61: Choose a Space Marine unit. Up to 3 enemy units within 12” must use a D12 instead of a D6 when testing morale.
A62: C | B62: =IF(A62="","",IF(A61=A62,B61+1,1)) -> 60 | C62: Space Marines | D62: =IF(C62="","",IF(C62=C61,D61+1,1)) -> 2 | E62: Only in Death Does Duty End | F62: Space Marines | G62: Character | L62: Use when a Space Marine character unit is destroyed. Before removing it, it makes 2 fight actions back to back, adding 1 to hit and wound rolls for attacks made by that unit.
A63: C | B63: =IF(A63="","",IF(A62=A63,B62+1,1)) -> 61 | C63: Space Marines | D63: =IF(C63="","",IF(C63=C62,D62+1,1)) -> 3 | E63: Honour The Chapter | F63: Space Marines | L63: Use in the Action Phase. Up to 2 Space Marine units adds +1 Attack to their Attacks characteristic.
A64: C | B64: =IF(A64="","",IF(A63=A64,B63+1,1)) -> 62 | C64: Space Marines | D64: =IF(C64="","",IF(C64=C63,D63+1,1)) -> 4 | E64: And they Shall Know no Fear. | F64: Space Marines | L64: Use when a Space Marine model fails a morale roll. That unit automatically succeeds, and gets +1 to armour rolls.
A65: C | B65: =IF(A65="","",IF(A64=A65,B64+1,1)) -> 63 | C65: Space Marines | D65: =IF(C65="","",IF(C65=C64,D64+1,1)) -> 5 | E65: Transhuman Physiology | F65: Space Marines | L65: Use at the start of the damage phase. A Space Marine unit may reroll failed saving throw rolls.
A66: C | B66: =IF(A66="","",IF(A65=A66,B65+1,1)) -> 64 | C66: Space Marines | D66: =IF(C66="","",IF(C66=C65,D65+1,1)) -> 6 | E66: Combat Doctrine | F66: Space Marines | L66: Use in the Action phase. Choose Melee weapons, Non-Heavy Ranged weapons, or Heavy Ranged Weapons. Up to 3 Space Marine units in a detachment get +1 to hit and wound rolls when using that weapon this phase.
A67: C | B67: =IF(A67="","",IF(A66=A67,B66+1,1)) -> 65 | C67: Space Marines | D67: =IF(C67="","",IF(C67=C66,D66+1,1)) -> 7 | E67: Might of Heroes | F67: Space Marines | G67: Psychic | L67: Use in the action phase. Choose a Space Marine Psyker and a friendly Space Marine character with 12” of each other. Roll a D12. On a 2+, that character cannot make shoot actions, adds 2 to attacks, and 3 to wound rolls for attacks with their melee weapons.
A68: C | B68: =IF(A68="","",IF(A67=A68,B67+1,1)) -> 66 | C68: Space Marines | D68: =IF(C68="","",IF(C68=C67,D67+1,1)) -> 8 | E68: Veil of Time | F68: Space Marines | G68: Psychic | L68: Play when an opponent is about to carry out an order. Choose a Space Marine Psyker whose detachment hasn't carried out an order and roll a D12. On a 2+, your detachment carries out their order first.
A69: C | B69: =IF(A69="","",IF(A68=A69,B68+1,1)) -> 67 | C69: Space Marines | D69: =IF(C69="","",IF(C69=C68,D68+1,1)) -> 9 | E69: Fury of The Ancients | F69: Space Marines | G69: Psychic | L69: Use in the action phase. Choose a Space Marine Psyker and a point up to 24” away. Draw a line between the two points, and roll a D12 for every unit that crosses that line. on a 8+, place a blast marker next to that unit.
A70: C | B70: =IF(A70="","",IF(A69=A70,B69+1,1)) -> 68 | C70: Space Marines | D70: =IF(C70="","",IF(C70=C69,D69+1,1)) -> 10 | E70: Sanctuary | F70: Grey Knights | G70: Psychic | L70: use at the start of the Damage phase. Roll a D12. On a 2+, reroll saving throws for target grey Knight Psyker unit. In addition, on a 10+, place a blast marker next to each Daemon unit in base contact with the psyker.
A71: C | B71: =IF(A71="","",IF(A70=A71,B70+1,1)) -> 69 | C71: Space Marines | D71: =IF(C71="","",IF(C71=C70,D70+1,1)) -> 11 | E71: Death to Xenos. | F71: Deathwatch | L71: Use in the action phase. Select 1 Deathwatch unit to make a free shoot or fight action. Then select up to 2 other Death units to make a free fight or shoot action that target only Orks, Aeldari, Tyranids, Necrons or Tau Empire units.
A72: C | B72: =IF(A72="","",IF(A71=A72,B71+1,1)) -> 70 | C72: Space Marines | D72: =IF(C72="","",IF(C72=C71,D71+1,1)) -> 12 | E72: Black Rage | F72: Blood Angels | L72: Use in the action phase. Select a single Blood Angels unit. Until the end of the phase, successful hits cause 2 hits intead of one, or 3 hits if that unit is Death Company.
A73: C | B73: =IF(A73="","",IF(A72=A73,B72+1,1)) -> 71 | C73: Space Marines | D73: =IF(C73="","",IF(C73=C72,D72+1,1)) -> 13 | E73: Saga | F73: Space Wolves | L73: Use in the action phase. Select on character, heavy, or super-heavy unit on the battlefield. Until the end of the phase, add 1 to hit and wound rolls for attacks by space wolves against that unit, or 2 if the attacker is a character.
A74: C | B74: =IF(A74="","",IF(A73=A74,B73+1,1)) -> 72 | C74: Space Marines | D74: =IF(C74="","",IF(C74=C73,D73+1,1)) -> 14 | E74: Seige Masters | F74: Imperial Fists | L74: Use in the Action Phase. Select one Building or Defensible terrain. Until the end of the turn, Imperial Fists add 3 to their damage rolls against the selected Building or units garrisoning that terrain.
A75: C | B75: =IF(A75="","",IF(A74=A75,B74+1,1)) -> 73 | C75: Space Marines | D75: =IF(C75="","",IF(C75=C74,D74+1,1)) -> 15 | E75: Stubborn | F75: Dark Angels | L75: Use in the action phase. Select a detachment. Dark Angels units in that detachment ignore critically damaged penalties, and reroll morale tests taken for them until the end of turn.
A76: C | B76: =IF(A76="","",IF(A75=A76,B75+1,1)) -> 74 | C76: Space Marines | D76: =IF(C76="","",IF(C76=C75,D75+1,1)) -> 16 | E76: Strike From Shadows | F76: Raven Guard | G76: Infantry | L76: Use in the action phase. Until the end of the phase, raven guard infantry units in a detachment automatically hit with melee units if either attacker or defender is garrisoning a defensible terrain feature. Alternatively, a single Raven Guard infantry unit automatically hits a single enemy in melee.
A77: C | B77: =IF(A77="","",IF(A76=A77,B76+1,1)) -> 75 | C77: Space Marines | D77: =IF(C77="","",IF(C77=C76,D76+1,1)) -> 17 | E77: Machine Empathy | F77: Iron Hands | G77: Vehicle | L77: Use in the action phase. When used, select up to 3 Iron Hands vehicles. They may make 1 free shoot action.
A78: C | B78: =IF(A78="","",IF(A77=A78,B77+1,1)) -> 76 | C78: Space Marines | D78: =IF(C78="","",IF(C78=C77,D77+1,1)) -> 18 | E78: Flamecraft | F78: Salamanders | L78: Use in the action phase. Until the end of the turn, Salamanders small arms weapons from one detachment within 1/2 the weapons maximum range automatically hit, no hit roll needed.
A79: C | B79: =IF(A79="","",IF(A78=A79,B78+1,1)) -> 77 | C79: Space Marines | D79: =IF(C79="","",IF(C79=C78,D78+1,1)) -> 19 | E79: Abhor The Witch | F79: Black Templars | L79: Use when an enemy uses a psychic power asset, before its effects are resolved. If a Black templar unit is within 36” of the psyker using the power, roll a d12. On a 3+, cancel that power. Alternatively, reroll a single wound roll by an adeptus astartes.
A80: C | B80: =IF(A80="","",IF(A79=A80,B79+1,1)) -> 78 | C80: Space Marines | D80: =IF(C80="","",IF(C80=C79,D79+1,1)) -> 20 | E80: Codex Discipline | F80: Ultramarines | L80: Use before carrying out an order for a Detachment lead by an Ultramarines Commander. The order is changed to Aim fire or Advance, and until the end of the phase, Ultramarine units in that Detachment can Fall Back and still attack.
A81: C | B81: =IF(A81="","",IF(A80=A81,B80+1,1)) -> 79 | C81: Space Marines | D81: =IF(C81="","",IF(C81=C80,D80+1,1)) -> 21 | E81: Lightning Assault | F81: White Scars | L81: Use before carrying out an order for a Detachment lead by a Lighntning Assault Commander. The order is changed to Advance, and until the end of the phase, double the Move Characterstic for White Scars units in that detachment.
A82: C | B82: =IF(A82="","",IF(A81=A82,B81+1,1)) -> 80 | C82: Chaos Marines | D82: =IF(C82="","",IF(C82=C81,D81+1,1)) -> 1 | E82: Death to the False Emperor | F82: Chaos Marines | L82: Play in the Action phase. Choose a unit. The next attack from Heretic Astartes units roll D12s instead of D6s for hit rolls for attacks against that unit. If the chosen unit was Imperium, continue this effect until the end of the turn.
A83: C | B83: =IF(A83="","",IF(A82=A83,B82+1,1)) -> 81 | C83: Chaos Marines | D83: =IF(C83="","",IF(C83=C82,D82+1,1)) -> 2 | E83: Chaos Boon | F83: Chaos Marines | L83: Use in the Reinforcements Step. Select a Light Character and roll a d6. On a 2-5, add 1 to the attacks and wounds of that character for the rest of the battle. On a 1, destroy that unit and replace it with a chaos spawn. On a 6, destroy that unit and replace it with a daemon prince. These units will be under the light character's detachment.
A84: C | B84: =IF(A84="","",IF(A83=A84,B83+1,1)) -> 82 | C84: Chaos Marines | D84: =IF(C84="","",IF(C84=C83,D83+1,1)) -> 3 | E84: Veterans of the Long War | F84: Chaos Marines | L84: Play when you carry out an order. Roll a D12. On a 2+, change that order to any other order.
A85: C | B85: =IF(A85="","",IF(A84=A85,B84+1,1)) -> 83 | C85: Chaos Marines | D85: =IF(C85="","",IF(C85=C84,D84+1,1)) -> 4 | E85: Daemonic Ritual | F85: Chaos Marines | L85: Use in the Reinforcements Step. Select a Chaos Character and a Legiones Daemonica unit profile, and roll D12 and add 4. If the result is greater than the unit's Power, set it up anywhere more than 9” from enemy units, as its own detachment. Otherwise, place a blast marker on the Chaos Character, and return this card to your hand. | M85: shorter
A86: C | B86: =IF(A86="","",IF(A85=A86,B85+1,1)) -> 84 | C86: Chaos Marines | D86: =IF(C86="","",IF(C86=C85,D85+1,1)) -> 5 | E86: Transhuman Physiology | F86: Chaos Marines | L86: Use at the start of the damage phase. A unit may reroll failed saving throw rolls.
A87: C | B87: =IF(A87="","",IF(A86=A87,B86+1,1)) -> 85 | C87: Chaos Marines | D87: =IF(C87="","",IF(C87=C86,D86+1,1)) -> 6 | E87: Spiteful Assault | F87: Chaos Marines | L87: Use before making wound rolls after attacking a unit with a fight action. Wound rolls of 11+ add 1 blast marker.
A88: C | B88: =IF(A88="","",IF(A87=A88,B87+1,1)) -> 86 | C88: Chaos Marines | D88: =IF(C88="","",IF(C88=C87,D87+1,1)) -> 7 | E88: Gift of Chaos | F88: Chaos Marines | G88: Psychic | L88: Use in the action phase. Pick the closest non-character light unit of 5 within 18” to a psyker. Roll a d12. On a 1-9, place a blast marker on that unit. On a 10+, place 2 blast markers on that unit, and place a chaos spawn next to it. The Spawn is part of the Psyker's detachment.
A89: C | B89: =IF(A89="","",IF(A88=A89,B88+1,1)) -> 87 | C89: Chaos Marines | D89: =IF(C89="","",IF(C89=C88,D88+1,1)) -> 8 | E89: Warptime | F89: Chaos Marines | G89: Psychic | L89: Using during your action phase. Choose a psyker and roll a D12. on a 2+, up to 3 friendly heretic astartes or legiones Daemonica within 12” of the psyker may make a free move action.
A90: C | B90: =IF(A90="","",IF(A89=A90,B89+1,1)) -> 88 | C90: Chaos Marines | D90: =IF(C90="","",IF(C90=C89,D89+1,1)) -> 9 | E90: Infernal Gaze | F90: Chaos Marines | G90: Psychic | L90: Use in the action phase. Choose a Psyker and a point up to 18” away. Draw a line between the two points, and roll a D12 for every unit that crosses that line. on a 7+, place a blast marker next to that unit.
A91: C | B91: =IF(A91="","",IF(A90=A91,B90+1,1)) -> 89 | C91: Chaos Marines | D91: =IF(C91="","",IF(C91=C90,D90+1,1)) -> 10 | E91: Doom Bolt | F91: Tzeentch | G91: Psychic | L91: Use in the action phase. Choose a Tzeentch Psyker and roll 3 D12s. For each 5-10, place a blast marker next to the closest enemy with 24” of the psyker. For each 11+, place 2 blast markers instead.
A92: C | B92: =IF(A92="","",IF(A91=A92,B91+1,1)) -> 90 | C92: Chaos Marines | D92: =IF(C92="","",IF(C92=C91,D91+1,1)) -> 11 | E92: Bolt of Change | F92: Tzeentch | G92: Psychic | L92: Use in the action phase. Pick a Tzeentch Psyker to manifest, then select a light character within 18” and roll 2d6. If it is less than the character's power rating, place a blast marker next to it. Otherwise, immediately destroy it and replace it with a chaos spawn unit, as part of the Psyker's detachment.
A93: C | B93: =IF(A93="","",IF(A92=A93,B92+1,1)) -> 91 | C93: Chaos Marines | D93: =IF(C93="","",IF(C93=C92,D92+1,1)) -> 12 | E93: Fury of Khorne | F93: Khorne | L93: Choose a Khorne character. Add +2 to its attacks and damage rolls for this character this turn.
A94: C | B94: =IF(A94="","",IF(A93=A94,B93+1,1)) -> 92 | C94: Chaos Marines | D94: =IF(C94="","",IF(C94=C93,D93+1,1)) -> 13 | E94: Delightful Agonies | F94: Slannesh | G94: Psychic | L94: Use in the action phase. Choose a Slaanesh Psyker and one slaanesh unit with 36” of each other. Until the end of the turn, that unit ignores penalties for critical damage, and add 1 to attacks for each damage marker next to it.
A95: C | B95: =IF(A95="","",IF(A94=A95,B94+1,1)) -> 93 | C95: Chaos Marines | D95: =IF(C95="","",IF(C95=C94,D94+1,1)) -> 14 | E95: Plague Wind | F95: Nurgle | G95: Psychic | L95: Use in the action phase. Choose a Nurgle Psyker and roll a D12. On a 2+, place a blast marker next to the closest enemy within 18” to the psyker. Then roll a D12” for every other unit within 6” of that unit. On a 7+, place a blast marker nexto that unit.
A96: C | B96: =IF(A96="","",IF(A95=A96,B95+1,1)) -> 94 | C96: Chaos Marines | D96: =IF(C96="","",IF(C96=C95,D95+1,1)) -> 15 | E96: Brotherhood of Sorcerers | F96: Thousand Sons | G96: Psychic | L96: Use at any time. Search your deck for a Psychic card and draw it.
A97: C | B97: =IF(A97="","",IF(A96=A97,B96+1,1)) -> 95 | C97: Chaos Marines | D97: =IF(C97="","",IF(C97=C96,D96+1,1)) -> 16 | E97: Black Crusaders | F97: Black Legion | L97: Use before carrying out an Advance Order for a Detachment lead by a Black Legion Commander. After moving, Black Legion units in that Detachment can make a shoot action against units in base contact with them, and a fight action as well, but must target the same unit on both actions.
A98: C | B98: =IF(A98="","",IF(A97=A98,B97+1,1)) -> 96 | C98: Chaos Marines | D98: =IF(C98="","",IF(C98=C97,D97+1,1)) -> 17 | E98: Inexorable Advance | F98: Death Guard | L98: Use before carrying out an order for a Detachment lead by a Death Guard Commander. The order is changed to Advance, and until the end of the phase, double the Range of Rapid Fire weapons for Death Guard units in that detachment.
A99: C | B99: =IF(A99="","",IF(A98=A99,B98+1,1)) -> 97 | C99: Chaos Marines | D99: =IF(C99="","",IF(C99=C98,D98+1,1)) -> 18 | E99: Butchers Nails | F99: World Eaters | L99: Use before carrying out an order for a Detachment lead by a World Eaters Commander, and until the end of the phase, attacks get +1 for to-hit and to-wound rolls for melee weapons of World Eater units in that Detachment.
A100: C | B100: =IF(A100="","",IF(A99=A100,B99+1,1)) -> 98 | C100: Chaos Marines | D100: =IF(C100="","",IF(C100=C99,D99+1,1)) -> 19 | E100: Flawless perfection | F100: Emperors Children | L100: Use in the Action Phase. Until the end of the phase, roll D12s instead of d6s for hit rolls for attacks made by Emperors children units in a single detachment.
A101: C | B101: =IF(A101="","",IF(A100=A101,B100+1,1)) -> 99 | C101: Chaos Marines | D101: =IF(C101="","",IF(C101=C100,D100+1,1)) -> 20 | E101: In Midnight Clad | F101: Night Lords | L101: Use in the Action Phase. Select 2 Night Lord units. Until the end of the phase, those units cannot be the target of ranged attacks unless they are the closest enemy to the attacker.
A102: C | B102: =IF(A102="","",IF(A101=A102,B101+1,1)) -> 100 | C102: Chaos Marines | D102: =IF(C102="","",IF(C102=C101,D101+1,1)) -> 21 | E102: Seige Lords | F102: Iron Warriors | L102: Use in the Action Phase. Select one Building or Defensible terrain. Until the end of the turn, Iron Warriors attacking that Building or units garrisoning that terrain may re-roll attack and damage rolls.
A103: C | B103: =IF(A103="","",IF(A102=A103,B102+1,1)) -> 101 | C103: Chaos Marines | D103: =IF(C103="","",IF(C103=C102,D102+1,1)) -> 22 | E103: Voice of Zeal | F103: Word Bearers | L103: Use in the Action Phase. Select a Detachment lead by a Word Bearers Commander. Until the end of turn, Word Bearer Characters double the range of their aura abilities, and re-roll failed Morale tests for Word Bearer units in that detachment.
...

Sheet cards2
A1: Set | B1: Nm | C1: Fac | D1: Fac Nm | E1: Name | F1: Type | G1: SubType | H1: Cst | I1: Atk | J1: Life | K1: Sh | L1: Abilities1 | M1: Abilities2
A3: C2 | B3: =IF(A3="","",IF(A2=A3,B2+1,1)) -> 1 | C3: Knights | D3: =IF(C3="","",IF(C3=C2,D2+1,1)) -> 1 | E3: Rotate Ion Shields | F3: Knights | L3: Play in the damage phase. Remove 1 blast unit from an Imperial Knights or Chaos Knights unit.
A4: C2 | B4: =IF(A4="","",IF(A3=A4,B3+1,1)) -> 2 | C4: Knights | D4: =IF(C4="","",IF(C4=C3,D3+1,1)) -> 2 | E4: Full Tilt | F4: Knights | L4: Play in the action phase. Imperial Knights or Chaos Knights units in a detachment gain 6” to their Move.
A5: C2 | B5: =IF(A5="","",IF(A4=A5,B4+1,1)) -> 3 | C5: Knights | D5: =IF(C5="","",IF(C5=C4,D4+1,1)) -> 3 | E5: Thunderstomp | F5: Knights | L5: Use in an action phase. After an Imperial Knight or Chaos Knight unit fights, roll a D12 for each enemy light unit in base contact with it. On an 6+, that unit gets a blast marker.
A6: C2 | B6: =IF(A6="","",IF(A5=A6,B5+1,1)) -> 4 | C6: Knights | D6: =IF(C6="","",IF(C6=C5,D5+1,1)) -> 4 | E6: Devestating Attack | F6: Knights | L6: Use in the action phase. A single Imperial Knight or Chaos Knight unit gets +1 to hit and damage rolls in melee.
A7: C2 | B7: =IF(A7="","",IF(A6=A7,B6+1,1)) -> 5 | C7: Knights | D7: =IF(C7="","",IF(C7=C6,D6+1,1)) -> 5 | E7: Heirlooms of the Household | F7: Knights | L7: Search your deck for a Knight, Imperial Knight or Traitor Knight card, and then play it.
A8: C2 | B8: =IF(A8="","",IF(A7=A8,B7+1,1)) -> 6 | C8: Imperial Knights | D8: =IF(C8="","",IF(C8=C7,D7+1,1)) -> 1 | E8: Ion Aegis | F8: Imperial Knights | L8: Use in the damage phase. Chose an Imperial Knight. Imperial units within 6” of it gain Ignore Damage (6+) ability.
A9: C2 | B9: =IF(A9="","",IF(A8=A9,B8+1,1)) -> 7 | C9: Knights | D9: =IF(C9="","",IF(C9=C8,D8+1,1)) -> 1 | E9: Legendary Hero | F9: Freeblade | L9: Use in the action phase. A Freeblade unit can reroll hit and wound rolls.
A10: C2 | B10: =IF(A10="","",IF(A9=A10,B9+1,1)) -> 8 | C10: Imperial Knights | D10: =IF(C10="","",IF(C10=C9,D9+1,1)) -> 1 | E10: Benevolence of The Machine God | F10: Questor Mechanicus | L10: Use in the Order phase. A Questor Mechanicus unit can roll a d6 for each damage marker on it. On a 5+, remove 1 damage marker from that unit.
A11: C2 | B11: =IF(A11="","",IF(A10=A11,B10+1,1)) -> 9 | C11: Knights | D11: =IF(C11="","",IF(C11=C10,D10+1,1)) -> 1 | E11: Valiant Last Stand | F11: Questor Imperialis | L11: Use when a Questor Imperialis unit is destroyed. Before removing it, it makes a free shoot or fight action.
A12: C2 | B12: =IF(A12="","",IF(A11=A12,B11+1,1)) -> 10 | C12: Traitor Knights | D12: =IF(C12="","",IF(C12=C11,D11+1,1)) -> 1 | E12: The Traitor's Mark | F12: Questor Traitoris | L12: Use at the start of the damage phase. One Questor Traitoris unit gains the Terror Troops ability until the end of the phase. Then you may force the closest enemy unit within 6” of the Traitoris unit to make an immediate morale test.
A13: C2 | B13: =IF(A13="","",IF(A12=A13,B12+1,1)) -> 11 | C13: Imperial Knights | D13: =IF(C13="","",IF(C13=C12,D12+1,1)) -> 1 | E13: Glory of the Charge | F13: House Griffith | L13: Use before carrying out an order for a Detachment lead by a House Griffith Commander. The order is changed to Assault, and until the end of the phase, reroll missed hits for melee attacks for House Griffith units in that detachment.
A14: C2 | B14: =IF(A14="","",IF(A13=A14,B13+1,1)) -> 12 | C14: Imperial Knights | D14: =IF(C14="","",IF(C14=C13,D13+1,1)) -> 2 | E14: Gallant Warriors | F14: House Terryn | L14: Use in the action phase. House Terryn units in a detachment add 1 to their Attacks and hit rolls made with melee attacks, until the end of the phase.
... A21: C2 | B21: =IF(A21="","",IF(A20=A21,B20+1,1)) -> 19 | C21: Imperial Knights | D21: =IF(C21="","",IF(C21=C20,D20+1,1)) -> 9 | E21: Omnissiah's Grace | F21: House Taranis | L21: Use in the damage phase. Units in a House Taranis Detachment gain the Ignore Damage(5+) ability.
A22: C2 | B22: =IF(A22="","",IF(A21=A22,B21+1,1)) -> 20 | C22: Adeptus Mechanicus | D22: =IF(C22="","",IF(C22=C21,D21+1,1)) -> 1 | E22: Incantation of the Iron Soul | F22: Adeptus Mechanicus | G22: Canticle | L22: Play during the start of the Damage Phase. Adeptus Mechanicus units in a detachment automatically pass morale tests.
A23: C2 | B23: =IF(A23="","",IF(A22=A23,B22+1,1)) -> 21 | C23: Adeptus Mechanicus | D23: =IF(C23="","",IF(C23=C22,D22+1,1)) -> 2 | E23: Benediction of the Omnissiah | F23: Adeptus Mechanicus | G23: Canticle | L23: Play in any phase. One Adeptus Mechanic Detachment rolls D12s instead of D6s for ranged hit rolls until the end of the phase.
A24: C2 | B24: =IF(A24="","",IF(A23=A24,B23+1,1)) -> 22 | C24: Adeptus Mechanicus | D24: =IF(C24="","",IF(C24=C23,D23+1,1)) -> 3 | E24: Chant of the Remorseless Fist | F24: Adeptus Mechanicus | G24: Canticle | L24: Play in any phase. One Adeptus Mechanic Detachment rolls D12s instead of D6s for melee hit rolls until the end of the phase.
A25: C2 | B25: =IF(A25="","",IF(A24=A25,B24+1,1)) -> 23 | C25: Adeptus Mechanicus | D25: =IF(C25="","",IF(C25=C24,D24+1,1)) -> 4 | E25: Machine Spirits Revenge | F25: Adeptus Mechanicus | G25: Vehicle | L25: Play when an Adeptus Mechanicus Vehicle unit is destroyed. Roll a d6 for each unit within 6” of it. On a 4+, that unit gets a blast marker.
A26: C2 | B26: =IF(A26="","",IF(A25=A26,B25+1,1)) -> 24 | C26: Adeptus Mechanicus | D26: =IF(C26="","",IF(C26=C25,D25+1,1)) -> 5 | E26: Acquisition at Any Cost | F26: Adeptus Mechanicus | L26: Use in any phase. Adeptus Mechanicus units of a chosen detachment have Objective Secured ability until end of turn. This turn, an Adeptus Mechanicus Warlord in that detachment can roll a D12 instead of a D6 for one Armour Save roll.
A27: C2 | B27: =IF(A27="","",IF(A26=A27,B26+1,1)) -> 25 | C27: Adeptus Mechanicus | D27: =IF(C27="","",IF(C27=C26,D26+1,1)) -> 6 | E27: Litany of the Electromancer | F27: Adeptus Mechanicus | G27: Canticle | L27: Use in an action phase. Roll a D12 for each Adeptus Mechanicus unit of one detachment in base contact with an enemy unit. On an 8+, each enemy in base contact with that unit gts a blast marker.
A28: C2 | B28: =IF(A28="","",IF(A27=A28,B27+1,1)) -> 26 | C28: Adeptus Mechanicus | D28: =IF(C28="","",IF(C28=C27,D27+1,1)) -> 7 | E28: Protector Imperative | F28: Adeptus Mechanicus | G28: Skitarii | L28: Use in an action phase. 3 Skitarii units in your army may make a free shoot action.
A29: C2 | B29: =IF(A29="","",IF(A28=A29,B28+1,1)) -> 27 | C29: Adeptus Mechanicus | D29: =IF(C29="","",IF(C29=C28,D28+1,1)) -> 8 | E29: Machine Spirit Resurgent | F29: Adeptus Mechanicus | G29: Vehicle | L29: Use during the Damage phase. Mechanicus Vehicle Units in a single detachment get Ignore Damage (5+) ability.
A30: C2 | B30: =IF(A30="","",IF(A29=A30,B29+1,1)) -> 28 | C30: Adeptus Mechanicus | D30: =IF(C30="","",IF(C30=C29,D29+1,1)) -> 9 | E30: Gloria Mechanicus | F30: Adeptus Mechanicus | L30: Play at any time. Search your deck for a Canticle and play it.
A31: C2 | B31: =IF(A31="","",IF(A30=A31,B30+1,1)) -> 29 | C31: Adeptus Mechanicus | D31: =IF(C31="","",IF(C31=C30,D30+1,1)) -> 10 | E31: First-Hand Field Testing | F31: Ryza | L31: Use in the action phase. 1 Ryza Character in your army within 24” of an enemy unit rolls a d6. If the result is equal or greater than the Character's BS, place 2 blast markers on the enemy unit.
A32: C2 | B32: =IF(A32="","",IF(A31=A32,B31+1,1)) -> 30 | C32: Adeptus Mechanicus | D32: =IF(C32="","",IF(C32=C31,D31+1,1)) -> 11 | E32: Shroud Protocols | F32: Stygies VIII | L32: Use in the action phase. Stygies VIII units in a detachment are obscured targets.
A33: C2 | B33: =IF(A33="","",IF(A32=A33,B32+1,1)) -> 31 | C33: Adeptus Mechanicus | D33: =IF(C33="","",IF(C33=C32,D32+1,1)) -> 12 | E33: Staunch Defenders | F33: Agripinaa | L33: Use before carrying out an order for a Detachment lead by a Agripinaa Commander. The order is changed to Aimed Fire, and until the end of the phase, re-roll wound rolls of 1 for ranged attacks from Agripinaa units in that detachment.
A34: C2 | B34: =IF(A34="","",IF(A33=A34,B33+1,1)) -> 32 | C34: Adeptus Mechanicus | D34: =IF(C34="","",IF(C34=C33,D33+1,1)) -> 13 | E34: Legio Teleportarium | F34: Lucius | L34: Use in the action phase. Select 1 Lucius unit, remove it, and then set it up anywhere on the battlefield more than 9” from enemy units.
A35: C2 | B35: =IF(A35="","",IF(A34=A35,B34+1,1)) -> 33 | C35: Adeptus Mechanicus | D35: =IF(C35="","",IF(C35=C34,D34+1,1)) -> 14 | E35: Deafening Assault | F35: Metalica | L35: Use in the Damage Phase. 1 Metalica unit gains Terror Troops until the end of the phase.
A36: C2 | B36: =IF(A36="","",IF(A35=A36,B35+1,1)) -> 34 | C36: Adeptus Mechanicus | D36: =IF(C36="","",IF(C36=C35,D35+1,1)) -> 15 | E36: Refusal to Yield | F36: Graia | L36: Use in the Damage Phase. Graia units in an detachment gain the Ignore Damage(5+) ability until the end of the phase.
A37: C2 | B37: =IF(A37="","",IF(A36=A37,B36+1,1)) -> 35 | C37: Adeptus Mechanicus | D37: =IF(C37="","",IF(C37=C36,D36+1,1)) -> 16 | E37: Wrath of Mars | F37: Mars | L37: Use in the action phase. Marss units in a detachment can add 1 to wound rolls for ranged attacks.
A38: C2 | B38: =IF(A38="","",IF(A37=A38,B37+1,1)) -> 36 | C38: Sisters of Battle | D38: =IF(C38="","",IF(C38=C37,D37+1,1)) -> 1 | E38: Divine Guidance | F38: Sisters of Battle | L38: Play when you carry out an order. Until end of phase, roll D12s instead of D6s for ranged weapon hit rolls by Adeptus Sororitas in this detachment.
A39: C2 | B39: =IF(A39="","",IF(A38=A39,B38+1,1)) -> 37 | C39: Sisters of Battle | D39: =IF(C39="","",IF(C39=C38,D38+1,1)) -> 2 | E39: Spirit of the Martyr | F39: Sisters of Battle | G39: Infantry | L39: Play in the action phase. Roll a D12 for every Adeptus Sororitas Infantry unit in a detachment. on a 9+, remove 1 damage marker on that unit.
A40: C2 | B40: =IF(A40="","",IF(A39=A40,B39+1,1)) -> 38 | C40: Sisters of Battle | D40: =IF(C40="","",IF(C40=C39,D39+1,1)) -> 3 | E40: Light of the Emperor | F40: Sisters of Battle | L40: Play at the start of the damage phase. All Adeptus Sororitas units in 1 detachment automatically pass their morale tests.
A41: C2 | B41: =IF(A41="","",IF(A40=A41,B40+1,1)) -> 39 | C41: Sisters of Battle | D41: =IF(C41="","",IF(C41=C40,D40+1,1)) -> 4 | E41: Shield of Faith | F41: Sisters of Battle | L41: Play at the start of the Damage phase. One Adeptus Sororitas unit always rolls D12s when making saving rolls for this phase.
A42: C2 | B42: =IF(A42="","",IF(A41=A42,B41+1,1)) -> 40 | C42: Sisters of Battle | D42: =IF(C42="","",IF(C42=C41,D41+1,1)) -> 5 | E42: Purity of Faith | F42: Sisters of Battle | L42: Play if an enemy plays a psychic power asset within 36” of an Adeptus Sororitas unit. Roll a D12. on a 1-5, keep this card. On a 6+, that psychic power's effects are not resolved. Alternatively, discard this to reroll a hit roll.
A43: C2 | B43: =IF(A43="","",IF(A42=A43,B42+1,1)) -> 41 | C43: Sisters of Battle | D43: =IF(C43="","",IF(C43=C42,D42+1,1)) -> 6 | E43: Faith and Fury | F43: Sisters of Battle | L43: Play before an Adeptus Sororitas unit makes a shoot or fight action. Each hit counts as two hits instead of one.
A44: C2 | B44: =IF(A44="","",IF(A43=A44,B43+1,1)) -> 42 | C44: Sisters of Battle | D44: =IF(C44="","",IF(C44=C43,D43+1,1)) -> 7 | E44: The Passion | F44: Sisters of Battle | L44: Use before carrying out an order for a Detachment lead by a Adepta Sororitas Commander. The order is changed to Advance, and until the end of the phase, double the Move Characterstic for Adepta Sororitas units in that detachment.
A45: C2 | B45: =IF(A45="","",IF(A44=A45,B44+1,1)) -> 43 | C45: Sisters of Battle | D45: =IF(C45="","",IF(C45=C44,D44+1,1)) -> 8 | E45: Hand of the Emperor | F45: Sisters of Battle | L45: Play when you carry out an order. Add 1 to melee weapon attacks by Adepta Sororitas, or 2 for Adepta Sororitas characters.
A46: C2 | B46: =IF(A46="","",IF(A45=A46,B45+1,1)) -> 44 | C46: Sisters of Battle | D46: =IF(C46="","",IF(C46=C45,D45+1,1)) -> 9 | E46: Blood of Martyrs | F46: Our Martyred Lady | L46: Play when an Order of Our Martyred Lady warlord is destroyed. Each unit in the warlord's detachment may make a free shoot or fight action.
A47: C2 | B47: =IF(A47="","",IF(A46=A47,B46+1,1)) -> 45 | C47: Sisters of Battle | D47: =IF(C47="","",IF(C47=C46,D46+1,1)) -> 10 | E47: Daughters of the Emperor | F47: Ebon Chalice | L47: Play at the start of the Orders Phase. If you have an Order of the Ebon Chalice Warlord, draw 1 Sisters asset from your discard pile.
A48: C2 | B48: =IF(A48="","",IF(A47=A48,B47+1,1)) -> 46 | C48: Sisters of Battle | D48: =IF(C48="","",IF(C48=C47,D47+1,1)) -> 11 | E48: Devout Serenity | F48: Sacred Rose | L48: Play when you carry out an order. Replace that order with Aimed Fire. Ranged attacks by Order of the Sacred Rose units can reroll wound rolls of 1 for attacks.
A49: C2 | B49: =IF(A49="","",IF(A48=A49,B48+1,1)) -> 47 | C49: Sisters of Battle | D49: =IF(C49="","",IF(C49=C48,D48+1,1)) -> 12 | E49: Quick to Anger | F49: Bloody Rose | L49: Use in the action phase. Up to 3 Order of the Bloody Rose add 1 to their attacks for fight actions until the end of the phase.
A50: C2 | B50: =IF(A50="","",IF(A49=A50,B49+1,1)) -> 48 | C50: Sisters of Battle | D50: =IF(C50="","",IF(C50=C49,D49+1,1)) -> 13 | E50: Deeds, Not Words | F50: Argent Shroud | L50: Use in the action phase. Up to 2 Order of the Argen Shroud units may make a free shoot or fight action.
A51: C2 | B51: =IF(A51="","",IF(A50=A51,B50+1,1)) -> 49 | C51: Sisters of Battle | D51: =IF(C51="","",IF(C51=C50,D50+1,1)) -> 14 | E51: Stoic Endurance | F51: Valorous hearth | L51: Use at the start of the Damage phase. Up to 3 Order of the Valorous heart units gain the Ignore Damage (5+) ability. Then remove this card from the game.
... A56: C2 | B56: =IF(A56="","",IF(A55=A56,B55+1,1)) -> 54 | C56: Necrons | D56: =IF(C56="","",IF(C56=C55,D55+1,1)) -> 5 | E56: Stellar Alignment protocols | F56: Necrons | L56: Use in action phase. A Necron unit acts as if it is at full strength until the end of the turn.
A57: C2 | B57: =IF(A57="","",IF(A56=A57,B56+1,1)) -> 55 | C57: Necrons | D57: =IF(C57="","",IF(C57=C56,D56+1,1)) -> 6 | E57: Self Destruction | F57: Necrons | G57: Scarabs | L57: Use when Scarabs make a fight action. Select 1 enemy unit in base contact. Roll a D12 for each model in that scarabs unit. On a 3-7, place a blast marker next to the enemy. On an 8+ place 2 blast markers instead. The Scarabs unit is then destroyed.
A58: C2 | B58: =IF(A58="","",IF(A57=A58,B57+1,1)) -> 56 | C58: Necrons | D58: =IF(C58="","",IF(C58=C57,D57+1,1)) -> 7 | E58: Cosmic Fire | F58: C'tan | L58: Use in the action phase. Select 1 C'tan Shard unit and roll a d12 for each enemy within 9”, adding 1 to the result if the C'tan is Titanic. On a 7+, place a blast marker next to the unit.
A59: C2 | B59: =IF(A59="","",IF(A58=A59,B58+1,1)) -> 57 | C59: Necrons | D59: =IF(C59="","",IF(C59=C58,D58+1,1)) -> 8 | E59: Antimatter Meteor | F59: C'tan | L59: Use in the action phase. Select 1 C'tan Shard and roll a D12. Add 4 to the roll if it is titanic. On a 2-8, place blast marker next to the enemy unit. On a 9-11, place 2 next to the unit. On a 12-14, place 3 blast markers, and on 15-16 place 4.
A60: C2 | B60: =IF(A60="","",IF(A59=A60,B59+1,1)) -> 58 | C60: Necrons | D60: =IF(C60="","",IF(C60=C59,D59+1,1)) -> 9 | E60: Sky of Falling Stars | F60: C'tan | L60: Use in the action phase. Select 1 C'tan shard and 3 units with 3+ models within 24” of the C'tan. Roll a D12 for each of those unit, adding 3 if the C'tan is Titanic, and 2 if the unit has 10+ models. If the number is 7+, place a blast marker next to the unit.
A61: C2 | B61: =IF(A61="","",IF(A60=A61,B60+1,1)) -> 59 | C61: Necrons | D61: =IF(C61="","",IF(C61=C60,D60+1,1)) -> 10 | E61: Solar Fury | F61: Mephrit | L61: Use in the action phase. Until the end of the turn, select 1 detachment led by a Mephrit commander. Mephrit units add 1 to wound rolls for attacks made by ranged weapons within 1/2 the weapon's range for this phase.
A62: C2 | B62: =IF(A62="","",IF(A61=A62,B61+1,1)) -> 60 | C62: Necrons | D62: =IF(C62="","",IF(C62=C61,D61+1,1)) -> 11 | E62: Awakened By Murder | F62: Novokh | L62: Use in the action phase. Select 1 Detachment lead by a Novokh Commander. Until the end of the turn, reroll hit rolls for attacks made with melee weapons by Novokh units.
A63: C2 | B63: =IF(A63="","",IF(A62=A63,B62+1,1)) -> 61 | C63: Necrons | D63: =IF(C63="","",IF(C63=C62,D62+1,1)) -> 12 | E63: Reclaim a Lost Empire | F63: Nihilakh | L63: Use in any phase. Nihilakh units of a selected detachment with a Nihilakh commander gains the Objective Secured ability until the end of the turn. This turn, a Nihilakh Warlord in that detachment can roll a D12 instead of a D6 for one Armour Save roll.
A64: C2 | B64: =IF(A64="","",IF(A63=A64,B63+1,1)) -> 62 | C64: Necrons | D64: =IF(C64="","",IF(C64=C63,D63+1,1)) -> 13 | E64: Methodical Destruction | F64: Sautekh | L64: Use in the action phase. Select 1 enemy unit. Until the end of the turn, add 1 to hit rolls for Sautekh units targeting that unit.
A65: C2 | B65: =IF(A65="","",IF(A64=A65,B64+1,1)) -> 63 | C65: Necrons | D65: =IF(C65="","",IF(C65=C64,D64+1,1)) -> 14 | E65: Translocation Beams | F65: Nephrekh | L65: Select a detachment led by a Nephrekh Commander. The detachment's order is replaced with 'Assault', and Nephrekh units in the detachment add 5” to their move after doubling it and move as if they could Fly, but cannot end in base contact with enemy units.
A66: C2 | B66: =IF(A66="","",IF(A65=A66,B65+1,1)) -> 64 | C66: Tyranids | D66: =IF(C66="","",IF(C66=C65,D65+1,1)) -> 1 | E66: Adapted to Kill | F66: Tyranids | L66: Use in the Action Phase. Select one Tyranid unit. Until the end of the turn, re-roll hit and wound rolls by that unit, and re-roll saving throws and morale test for that unit.
A67: C2 | B67: =IF(A67="","",IF(A66=A67,B66+1,1)) -> 65 | C67: Tyranids | D67: =IF(C67="","",IF(C67=C66,D66+1,1)) -> 2 | E67: Adrenal Glands | F67: Tyranids | L67: Use in the action phase. Select one Tyranid Detachment lead by a Tyranid Commander. Up to 3 Tyranid units in that detachment may make a free action.
A68: C2 | B68: =IF(A68="","",IF(A67=A68,B67+1,1)) -> 66 | C68: Tyranids | D68: =IF(C68="","",IF(C68=C67,D67+1,1)) -> 3 | E68: Sporefield | F68: Tyranids | L68: Use in the action phase. Select on Tyranid Warlord, and select a point visible to that unit. Roll a D12 for each unit within 9” of it, subtracting 2 from the roll of the unit if it is a Light character or Tyranids unit. On a 7+, place a blast marker next to it.
A69: C2 | B69: =IF(A69="","",IF(A68=A69,B68+1,1)) -> 67 | C69: Tyranids | D69: =IF(C69="","",IF(C69=C68,D68+1,1)) -> 4 | E69: Instinctive Behavior | F69: Tyranids | L69: Use in the Action or Damage phase. Select 1 Tyranid unit that is Out of Command. Until the end of the turn, they do not count as Out of Command, and they add 1 to hit and wound rolls.
A70: C2 | B70: =IF(A70="","",IF(A69=A70,B69+1,1)) -> 68 | C70: Tyranids | D70: =IF(C70="","",IF(C70=C69,D69+1,1)) -> 5 | E70: Endless Swarm | F70: Tyranids | G70: Light | L70: Use in the Reinforcements Step. Select one Tyranid Light unit that was destroyed, and roll D12 and add 4. If the result is greater than the Power of the unit, it is returned to the field within 9” of a field edge, and more than 9” from any enemy units, as a new Detachment. Otherwise return this card to your hand and you can't use it this turn.
A71: C2 | B71: =IF(A71="","",IF(A70=A71,B70+1,1)) -> 69 | C71: Tyranids | D71: =IF(C71="","",IF(C71=C70,D70+1,1)) -> 6 | E71: Shadow in the Warp | F71: Tyranids | L71: Use when an opponent uses a Psychic power, before its effects are resolved, if at least one Tyranid Synapse unit is on the battlefied. Roll a D12. On a 3+, the effects of that Command Asset are not resolved.
A72: C2 | B72: =IF(A72="","",IF(A71=A72,B71+1,1)) -> 70 | C72: Tyranids | D72: =IF(C72="","",IF(C72=C71,D71+1,1)) -> 7 | E72: The Horror | F72: Tyranids | G72: Psychic | L72: Use in the Damage phase. Choose a Tyranid Psyker unit, and roll a D12. On a 2+, units within 24” of the psyker subtract 2 from their leadership characterstic.
A73: C2 | B73: =IF(A73="","",IF(A72=A73,B72+1,1)) -> 71 | C73: Tyranids | D73: =IF(C73="","",IF(C73=C72,D72+1,1)) -> 8 | E73: Catalyst | F73: Tyranids | G73: Psychic | L73: Use in the Damage phase. Select a Tyranid Psyker unit and roll a D12. On a 2+, that unit gains Ignore Damage (4+). On a 12+, they gain Ignore Damage (3+) instead.
A74: C2 | B74: =IF(A74="","",IF(A73=A74,B73+1,1)) -> 72 | C74: Tyranids | D74: =IF(C74="","",IF(C74=C73,D73+1,1)) -> 9 | E74: Hyper Aggression | F74: Behemoth | L74: Use when selecting a detachment led by a Behemoth Commander to carry out an order. Replace their order with Assault, and until the end of the phase, Behemoth units in that detachment add 1 to hit rolls for attacks using melee weapons.
A75: C2 | B75: =IF(A75="","",IF(A74=A75,B74+1,1)) -> 73 | C75: Tyranids | D75: =IF(C75="","",IF(C75=C74,D74+1,1)) -> 10 | E75: Questing Tendrils | F75: Kraken | L75: Use when selecting a detachment led by a Kraken Commander to carry out an order. Replace their order with Assault, and until the end of the phase, Kraken units in that detachment triple their move instead of doubling them.
A76: C2 | B76: =IF(A76="","",IF(A75=A76,B75+1,1)) -> 74 | C76: Tyranids | D76: =IF(C76="","",IF(C76=C75,D75+1,1)) -> 11 | E76: Synaptic Imperative | F76: Leviathan | L76: Use at the start of the Damage phase. Select a detachment led by a Leviathan Commander. Until the end of the phase, Leviathan units in that detachment gain Ignore Damage (5+).
A77: C2 | B77: =IF(A77="","",IF(A76=A77,B76+1,1)) -> 75 | C77: Tyranids | D77: =IF(C77="","",IF(C77=C76,D76+1,1)) -> 12 | E77: Adaptive Toxins | F77: Gorgon | L77: Use in the Action phase. Select a detachment led by a Gorgon Commander. Until the end of the phase Gorgon units add 1 to wound rolls made with melee weapons.
A78: C2 | B78: =IF(A78="","",IF(A77=A78,B77+1,1)) -> 76 | C78: Tyranids | D78: =IF(C78="","",IF(C78=C77,D77+1,1)) -> 13 | E78: Tunnel Networks | F78: Jormungandr | L78: Use when selecting a detachment led by a Jormungandr Commander to carry out an order. Replace their order with Aimed Fire or Advance, and and Jormungandr units are obscured targets.
A79: C2 | B79: =IF(A79="","",IF(A78=A79,B78+1,1)) -> 77 | C79: Tyranids | D79: =IF(C79="","",IF(C79=C78,D78+1,1)) -> 14 | E79: Endless Regeneration | F79: Hydra | L79: Use in the Action phase. Select on Hydra unit and remove up to D3 damage from that unit.
A80: C2 | B80: =IF(A80="","",IF(A79=A80,B79+1,1)) -> 78 | C80: Tyranids | D80: =IF(C80="","",IF(C80=C79,D79+1,1)) -> 15 | E80: Bio Barrage | F80: Kronos | L80: Use when selecting a detachment led by a Kronos Commander to carry out an order. Replace their order with Aimed Fire, and until the end of the phase, roll D12s instead of D6s for hit rolls made by ranged weapons by Kronos units in that detachment.
A81: C2 | B81: =IF(A81="","",IF(A80=A81,B80+1,1)) -> 79 | C81: Drukhari | D81: =IF(C81="","",IF(C81=C80,D80+1,1)) -> 1 | E81: Webway Portal | F81: Drukhari | L81: Use in the Reinforcements Step. Select one Light Drukhari unit that has been destroyed and roll a D12. If the result exceeds the Power of the unit, place it set up anywhere more than 9” from enemy units. That unit is part of a new detachment. Otherwise, return this card to your hand you can't use it this turn.
A82: C2 | B82: =IF(A82="","",IF(A81=A82,B81+1,1)) -> 80 | C82: Drukhari | D82: =IF(C82="","",IF(C82=C81,D81+1,1)) -> 2 | E82: Drain from Pain | F82: Drukhari | L82: Use in the Action Phase, after a blast marker has been placed on an enemy unit. Until the end of the turn, Drukhari units within 6” of that unit ignore critically damaged effects, and +1 to their damage rolls.
A83: C2 | B83: =IF(A83="","",IF(A82=A83,B82+1,1)) -> 81 | C83: Drukhari | D83: =IF(C83="","",IF(C83=C82,D82+1,1)) -> 3 | E83: Lightning Speed | F83: Drukhari | L83: Use before carrying out an order for a Detachment lead by a Drukhari Commander. The order is changed to Asault, and until the end of the phase, triple instead of double the Move Characterstic for Drukhari units in that detachment.
A84: C2 | B84: =IF(A84="","",IF(A83=A84,B83+1,1)) -> 82 | C84: Drukhari | D84: =IF(C84="","",IF(C84=C83,D83+1,1)) -> 4 | E84: Hit And Run | F84: Drukhari | L84: Use before carrying out an order for a Detachment lead by a Drukhari Commander. The order is changed to Advance, and at the end of the detachments activation, each Drukhari unit in that Detachment may move 6”.
A85: C2 | B85: =IF(A85="","",IF(A84=A85,B84+1,1)) -> 83 | C85: Drukhari | D85: =IF(C85="","",IF(C85=C84,D84+1,1)) -> 5 | E85: Meat Hooks | F85: Drukhari | L85: Choose a detachment lead by a Drukhari leader. Up to 4 units with Fly that move over enemy Light units roll a D12. On a 6+, place a blast marker next to one enemy they flew over.
A86: C2 | B86: =IF(A86="","",IF(A85=A86,B85+1,1)) -> 84 | C86: Drukhari | D86: =IF(C86="","",IF(C86=C85,D85+1,1)) -> 6 | E86: Cruel Deception | F86: Drukhari | L86: Use before carrying out an order for a Detachment lead by a Drukhari Commander. The order is changed to Advance, and until the end of the phase, Drukhari units that Fell Back may still attack after Falling Back.
A87: C2 | B87: =IF(A87="","",IF(A86=A87,B86+1,1)) -> 85 | C87: Drukhari | D87: =IF(C87="","",IF(C87=C86,D86+1,1)) -> 7 | E87: Crucible of Malediction | F87: Drukhari | G87: Haemonculus | L87: Use if you have a Haemonculus unit when an opponent uses a psychic power Command Asset, after manifesting but before it is resolved. When used, roll a D6 and a D12. If the D6 is a 3+, cancel the effect of the power. If the D12 is a 5+, place a blast marker next to the unit manifesting that power.
A88: C2 | B88: =IF(A88="","",IF(A87=A88,B87+1,1)) -> 86 | C88: Drukhari | D88: =IF(C88="","",IF(C88=C87,D87+1,1)) -> 8 | E88: Torment Bomb | F88: Drukhari | G88: Archon | L88: Use in the action phase. Select one Archon unit in your army, and select one point visible to the Archon. Roll a D12 for each enemy unit within 6” of that point. If the result is greater than or equal to the Leadership of the enemy unit, place a blast marker next to that unitA
A89: C2 | B89: =IF(A89="","",IF(A88=A89,B88+1,1)) -> 87 | C89: Drukhari | D89: =IF(C89="","",IF(C89=C88,D88+1,1)) -> 9 | E89: Combat Drugs | F89: Drukhari | G89: Succubi | L89: Use in the Action phase. Select one Detachment lead by a Succubus unit in your army. Until the end of turn, roll D12s instead of D6s for hit rolls made by melee weapons with from Wych Cult units in that detachment.
A90: C2 | B90: =IF(A90="","",IF(A89=A90,B89+1,1)) -> 88 | C90: Drukhari | D90: =IF(C90="","",IF(C90=C89,D89+1,1)) -> 10 | E90: Agents of vect | F90: Kabal Black Heart | G90: Kabal | L90: Play when a non-psychic Command Asset is played, before resolving its effect, if you have a Kabal of the Black Heart Warlord. Roll a D12. On a 4+, the effect of the Command Card is cancelled, and discarded.
A91: C2 | B91: =IF(A91="","",IF(A90=A91,B90+1,1)) -> 89 | C91: Drukhari | D91: =IF(C91="","",IF(C91=C90,D90+1,1)) -> 11 | E91: Failure is not an Option | F91: Kabal of the Obsidian Rose | G91: Kabal | L91: Play when a Kabal of the Obsidion Rose unit fails its Morale Test. They pass the test instead, and may then make a free shoot or fight action.
A92: C2 | B92: =IF(A92="","",IF(A91=A92,B91+1,1)) -> 90 | C92: Drukhari | D92: =IF(C92="","",IF(C92=C91,D91+1,1)) -> 12 | E92: The Serpent's Kiss | F92: Kabal | G92: Kabal | L92: Play in the Action Phase. Select one detachment lead by a Kabal of the Poisoned Tongue Commander. Until the end of the phase, add 1 to wound rolls for weapons made by Kabal of the Poisoned Tongue unit in that detachment, that target Light units.
A93: C2 | B93: =IF(A93="","",IF(A92=A93,B92+1,1)) -> 91 | C93: Drukhari | D93: =IF(C93="","",IF(C93=C92,D92+1,1)) -> 13 | E93: Slay from the Skies | F93: Kabal of the Flayed Skull | G93: Kabal | L93: Use before carrying out an order for a Detachment lead by a Kabal of the Flayed Skull Commander. The order is changed to Advance, and until the end of the phase, add 1 for to-hit rolls and double the Move Characterstic for Kabal of Flayed Skull units with Fly in that detachment.
A94: C2 | B94: =IF(A94="","",IF(A93=A94,B93+1,1)) -> 92 | C94: Drukhari | D94: =IF(C94="","",IF(C94=C93,D93+1,1)) -> 14 | E94: No Method of Death Beyond Grasp | F94: Cult of Strife | G94: Wych Cult | L94: Select a detachment led by a Cult of Strife Commander. The detachment's order is replaced with 'Advance'. Select up to 3 Cult of Strife units in that detachment. After activating, they may make an addition shoot action, even targeting enemy units in base contact with them.
A95: C2 | B95: =IF(A95="","",IF(A94=A95,B94+1,1)) -> 93 | C95: Drukhari | D95: =IF(C95="","",IF(C95=C94,D94+1,1)) -> 15 | E95: Hyper Swift Reflexes | F95: Cult of the Red Grief | G95: Wych Cult | L95: Use in the damage phase. Choose a Cult of the Red Grief unit, a Cult of Red Grief light Character, or both in your army. Until the end of the phase, they Roll D12s for saving throws no matter the size of blast markers next to it.
A96: C2 | B96: =IF(A96="","",IF(A95=A96,B95+1,1)) -> 94 | C96: Drukhari | D96: =IF(C96="","",IF(C96=C95,D95+1,1)) -> 16 | E96: Only the Strong Thrive | F96: Cult of the Cursed Blade | G96: Wych Cult | L96: Use before carrying out an order for a Detachment lead by a Cult of the Cursed Blade Commander. Until the end of the turn, re-roll hit and wound rolls of 1 for attacks by Cult of Cursed Blade units in that detachment, as well as saving throws of 1 by Cult of Cursed Blade units in that detachment.
A97: C2 | B97: =IF(A97="","",IF(A96=A97,B96+1,1)) -> 95 | C97: Drukhari | D97: =IF(C97="","",IF(C97=C96,D96+1,1)) -> 17 | E97: Connoisseurs of pain | F97: Prophets of Flesh | G97: Coven | L97: Use at the start of the Damage phase. Select one detachment led by a Prophets of Flesh Commander. Until the end of the phase, Prophets of Felsh units in the deatchment have Ignore Damage (5+) ability.
A98: C2 | B98: =IF(A98="","",IF(A97=A98,B97+1,1)) -> 96 | C98: Drukhari | D98: =IF(C98="","",IF(C98=C97,D97+1,1)) -> 18 | E98: Distillers of Fear | F98: Dark Creed | G98: Coven | L98: Use at the start of the Damage Phase. Select one detachment lead by a Dark Creed Commander. Until the end of the phase, Dark Creed units in that detachment have the Terror Troops ability.
A99: C2 | B99: =IF(A99="","",IF(A98=A99,B98+1,1)) -> 97 | C99: Drukhari | D99: =IF(C99="","",IF(C99=C98,D98+1,1)) -> 19 | E99: Administer Punishment | F99: Coven of Twelve | G99: Coven | L99: Use in the action phase. Select one detachment led by a Coven of Twelve Commander. Until the end of phase, Coven of Twelve units may make shoot actions against enemy units engaged by friendly units to gain re-rolls on failed to wound rolls. On to-hit rolls of a 1, resolve against friendly units engaging the target.
A100: C2 | B100: =IF(A100="","",IF(A99=A100,B99+1,1)) -> 98
A101: C2 | B101: =IF(A101="","",IF(A100=A101,B100+1,1)) -> 99
A102: C2 | B102: =IF(A102="","",IF(A101=A102,B101+1,1)) -> 100
A103: C2 | B103: =IF(A103="","",IF(A102=A103,B102+1,1)) -> 101
A104: C2 | B104: =IF(A104="","",IF(A103=A104,B103+1,1)) -> 102
A105: C2 | B105: =IF(A105="","",IF(A104=A105,B104+1,1)) -> 103
A106: C2 | B106: =IF(A106="","",IF(A105=A106,B105+1,1)) -> 104
A107: C2 | B107: =IF(A107="","",IF(A106=A107,B106+1,1)) -> 105
A108: C2 | B108: =IF(A108="","",IF(A107=A108,B107+1,1)) -> 106
A109: C2 | B109: =IF(A109="","",IF(A108=A109,B108+1,1)) -> 107
A110: C2 | B110: =IF(A110="","",IF(A109=A110,B109+1,1)) -> 108
A111: C2 | B111: =IF(A111="","",IF(A110=A111,B110+1,1)) -> 109
...

Sheet cards3
A1: Set | B1: Nm | C1: Fac | D1: Fac Nm | E1: Name | F1: Type | G1: SubType | H1: Cst | I1: Atk | J1: Life | K1: Sh | L1: Abilities1 | M1: Abilities2
A3: C3 | B3: =IF(A3="","",IF(A2=A3,B2+1,1)) -> 1 | C3: Chaos | D3: =IF(C3="","",IF(C3=C2,D2+1,1)) -> 1 | E3: Magical Boon | F3: Demons | L3: Use at any time. Look into your command deck, and draw a Daemonica Command Asset card that is a psychic power or a Deny the Witch card. Add that card to your hand, then shuffle the deck.
A4: C3 | B4: =IF(A4="","",IF(A3=A4,B3+1,1)) -> 2 | C4: Chaos | D4: =IF(C4="","",IF(C4=C3,D3+1,1)) -> 2 | E4: Warp Surge | F4: Demons | L4: Use when resolving damage to a Daemonica unit before saving throws are amde. Until the end of the phase, roll D12s for the saving throws, regardless of the blast marker size.
A5: C3 | B5: =IF(A5="","",IF(A4=A5,B4+1,1)) -> 3 | C5: Chaos | D5: =IF(C5="","",IF(C5=C4,D4+1,1)) -> 3 | E5: Denizens of the Warp | F5: Demons | L5: Use in the Reinforcement Step. Select a Daemonica Warlord, and Daemonica unit that has been destroyed. Roll a D12 and add 4. If it exceeds the Power rating of the destroyed unit, return it anywhere more than 9” from enemy units, as part of the Warlord's detachment. Otherwise return this card to your hand and you can't use it this turn.
A6: C3 | B6: =IF(A6="","",IF(A5=A6,B5+1,1)) -> 4 | C6: Chaos | D6: =IF(C6="","",IF(C6=C5,D5+1,1)) -> 4 | E6: Demonic Possession | F6: Demons | L6: Use when your opponent uses a psychic power, if at least one Daemonica unit is on the field. Roll a D12. If the result is greater than the leadership of the unit manifesting the power, place a damage marker next to it. If that destroys the unit, Roll a D12. On a 7+, replace that unit with a daemonica character less than the roll number as a new detachment.
A7: C3 | B7: =IF(A7="","",IF(A6=A7,B6+1,1)) -> 5 | C7: Chaos | D7: =IF(C7="","",IF(C7=C6,D6+1,1)) -> 5 | E7: Locus of Rage | F7: Khorne Demons | L7: Select a detachment led by a Daemonica Khorne Commander. The detachment's order is replaced with 'Assault', and roll D12s instead of D6s for hit rolls for attacks made by melee weapons for daemonica Khorne units for that phase.
A8: C3 | B8: =IF(A8="","",IF(A7=A8,B7+1,1)) -> 6 | C8: Chaos | D8: =IF(C8="","",IF(C8=C7,D7+1,1)) -> 6 | E8: Locus of Trickery | F8: Tzeentch Demons | L8: Use in the action phase. Select a detachment led by a Daemonica Tzeentch Commander. Until the end of the phase, Daemonica Tzeentch units in that detachment are obscured targets.
A9: C3 | B9: =IF(A9="","",IF(A8=A9,B8+1,1)) -> 7 | C9: Chaos | D9: =IF(C9="","",IF(C9=C8,D8+1,1)) -> 7 | E9: Locus of Virulence | F9: Nurgle Demons | L9: Use in the action phase. Select a detachment led by a Daemonica Nurgle Commander. Until the end of the phase, you can re-roll wound rolls for attacks made by Daemonica Nurgle units.
A10: C3 | B10: =IF(A10="","",IF(A9=A10,B9+1,1)) -> 8 | C10: Chaos | D10: =IF(C10="","",IF(C10=C9,D9+1,1)) -> 8 | E10: Locus of Swiftness | F10: Slannesh Demons | L10: Select a detachment led by a Daemonica Slaanesh Commander. The detachment's order is replaced with 'Assault', and Daemonica Slaanesh units in the detachment triple their move characteristic instead of doubling it, but cannot end in base contact with enemy units.
A11: C3 | B11: =IF(A11="","",IF(A10=A11,B10+1,1)) -> 9 | C11: Chaos | D11: =IF(C11="","",IF(C11=C10,D10+1,1)) -> 9 | E11: Wrath of Khorne | F11: Khorne Demons | L11: Use when an opponent uses a psychic power, before the effects are resolved, if you have a Khorne unit on the battlefield. Roll a D12 for the manifesting unit and every unit within 3” of it. On an 8+, place 2 blast markers next to the unit.
A12: C3 | B12: =IF(A12="","",IF(A11=A12,B11+1,1)) -> 10 | C12: Chaos | D12: =IF(C12="","",IF(C12=C11,D11+1,1)) -> 10 | E12: Cacophonic Choir | F12: Slannesh Demons | G12: Psychic | L12: Use in action phase. Choose one Daemonica Slaanesh Psyker unit and one enemy unit within 24” of the psyker. Roll a D12. If the result is less than the enemy's unit's Leadership, place 1 blast marker next to it. If it is equal or greater, place 2 blast markers next to it.
A13: C3 | B13: =IF(A13="","",IF(A12=A13,B12+1,1)) -> 11 | C13: Chaos | D13: =IF(C13="","",IF(C13=C12,D12+1,1)) -> 11 | E13: Stream of Corruption | F13: Nurgle Demons | G13: Psychic | L13: Use in the action Phase. Choose one Daemonica Nurgle Psyker unit and an enemy unit within 12” of the psyker. Roll a D12. On a 4-7, place 2 blast markers next to it. On an 8-10, place 3 blast markers, and on an 11+, place 4 blast markers.
A14: C3 | B14: =IF(A14="","",IF(A13=A14,B13+1,1)) -> 12 | C14: Chaos | D14: =IF(C14="","",IF(C14=C13,D13+1,1)) -> 12 | E14: Infernal Gateway | F14: Tzeentch Demons | G14: Psychic | L14: Use in action phase. Select a Daemonica Tzeentch Psyker and one point on the battlefield within 24” of the Psyker. Roll a D12 for each unit within 6” of that point, subtracting 1 if it is a light Character. On a 6+, place a blast marker next to it.
A15: C3 | B15: =IF(A15="","",IF(A14=A15,B14+1,1)) -> 13 | C15: Chaos | D15: =IF(C15="","",IF(C15=C14,D14+1,1)) -> 13 | E15: Gaze of Fate | F15: Tzeentch Demons | G15: Psychic | L15: Use at end of Orders Phase. Select a Tzeentch Psyker. Roll a D12. On a 2+, Choose an opponent to Look at their Command Asset Cards, then draw a Command Card.
A16: C3 | B16: =IF(A16="","",IF(A15=A16,B15+1,1)) -> 14 | C16: Chaos | D16: =IF(C16="","",IF(C16=C15,D15+1,1)) -> 14 | E16: Aura of Acquiescence | F16: Slannesh Demons | L16: Use in Action Phase. Select a Daemonica Slaanesh unit. Until the end of the phase, the Attacks characteristic in base contact with it is halved.
A17: C3 | B17: =IF(A17="","",IF(A16=A17,B16+1,1)) -> 15 | C17: Chaos | D17: =IF(C17="","",IF(C17=C16,D16+1,1)) -> 15 | E17: Frenetic Bloodlust | F17: Khorne Demons | L17: Use in Action Phase. Select a Daemonica Khorne unit. That unit makes 2 free fight actions back-to-back.
A18: C3 | B18: =IF(A18="","",IF(A17=A18,B17+1,1)) -> 16 | C18: Chaos | D18: =IF(C18="","",IF(C18=C17,D17+1,1)) -> 16 | E18: Revolting Regeneration | F18: Nurgle Demons | L18: Use in Action Phase. Select a Daemonica Nurgle detachment. Remove up to D3 damage markers from that unit.
A19: C3 | B19: =IF(A19="","",IF(A18=A19,B18+1,1)) -> 17 | C19: Chaos | D19: =IF(C19="","",IF(C19=C18,D18+1,1)) -> 17 | E19: Gift of Chaos | F19: Chaos | G19: Psychic | L19: Use in the action phase. Pick the closest non-character light unit of 5 within 18” to a psyker. Roll a d12. On a 1-9, place a blast marker on that unit. On a 10+, place 2 blast markers on that unit, and place a chaos spawn next to it. The Spawn is part of the Psyker's detachment.
A20: C3 | B20: =IF(A20="","",IF(A19=A20,B19+1,1)) -> 18 | C20: Chaos | D20: =IF(C20="","",IF(C20=C19,D19+1,1)) -> 18 | E20: Bolt of Change | F20: Tzeentch | G20: Psychic | L20: Use in the action phase. Pick a Tzeentch Psyker to manifest, then select a light character within 18” and roll 2d6. If it is less than the character's power rating, place a blast marker next to it. Otherwise, immediately destroy it and replace it with a chaos spawn unit, as part of the Psyker's detachment.
A21: C3 | B21: =IF(A21="","",IF(A20=A21,B20+1,1)) -> 19 | C21: Chaos | D21: =IF(C21="","",IF(C21=C20,D20+1,1)) -> 19 | E21: Fury of Khorne | F21: Khorne | L21: Choose a Khorne character. Add +2 to its attacks and damage rolls for this character this turn.
A22: C3 | B22: =IF(A22="","",IF(A21=A22,B21+1,1)) -> 20 | C22: Chaos | D22: =IF(C22="","",IF(C22=C21,D21+1,1)) -> 20 | E22: Delightful Agonies | F22: Slannesh | G22: Psychic | L22: Use in the action phase. Choose a Slaanesh Psyker and one slaanesh unit with 36” of each other. Until the end of the turn, that unit ignores penalties for critical damage, and add 1 to attacks for each damage marker next to it.
A23: C3 | B23: =IF(A23="","",IF(A22=A23,B22+1,1)) -> 21 | C23: Chaos | D23: =IF(C23="","",IF(C23=C22,D22+1,1)) -> 21 | E23: Plague Wind | F23: Nurgle | G23: Psychic | L23: Use in the action phase. Choose a Nurgle Psyker and roll a D12. On a 2+, place a blast marker next to the closest enemy within 18” to the psyker. Then roll a D12” for every other unit within 6” of that unit. On a 7+, place a blast marker nexto that unit.
A24: C3 | B24: =IF(A24="","",IF(A23=A24,B23+1,1)) -> 22 | C24: Tau | D24: =IF(C24="","",IF(C24=C23,D23+1,1)) -> 1 | E24: Markerlights | F24: Tau | L24: Use in the action phase. Select 1 enemy detachment. Reroll to-hit rolls of 1 from ranged weapons by Tau units against the units in that detachment.
A25: C3 | B25: =IF(A25="","",IF(A24=A25,B24+1,1)) -> 23 | C25: Tau | D25: =IF(C25="","",IF(C25=C24,D24+1,1)) -> 2 | E25: Saviour Protocols | F25: Tau | L25: Use at the start of the damage phase. One Tau unit within 6” of a friendly T'au Empire Drones unit, they may remove up to D3 blast markers from that unit and place it on the Drones instead.
A26: C3 | B26: =IF(A26="","",IF(A25=A26,B25+1,1)) -> 24 | C26: Tau | D26: =IF(C26="","",IF(C26=C25,D25+1,1)) -> 3 | E26: Kauyon | F26: Tau | L26: Use when your oponnent selects one of their detachments to carry out an order. One of your detachments led by a Tau Commander that has not carried out their order replaces their order with Aimed Fire, and then carries out that order before the enemy detachment.
A27: C3 | B27: =IF(A27="","",IF(A26=A27,B26+1,1)) -> 25 | C27: Tau | D27: =IF(C27="","",IF(C27=C26,D26+1,1)) -> 4 | E27: Coordinated Fire Arcs | F27: Tau | G27: Tau Sept | L27: Use in the Action phase. Select 1 detachment led by a a Tau Sept Commander. Until the end of the phase, when an enemy unit moves in base contact of a Tau Sept in that detachment, that Tau Sept unit may make a free shoot action, targeting the enemy that moved into base contact, as if they were not in base contact.
A28: C3 | B28: =IF(A28="","",IF(A27=A28,B27+1,1)) -> 26 | C28: Tau | D28: =IF(C28="","",IF(C28=C27,D27+1,1)) -> 5 | E28: Focus Fire | F28: Tau | G28: Tau Sept | L28: Use in the Action phase. Select an enemy unit and a Tau detachment. Reroll wound rolls for attacks by ranged weapons by Tau Sept units in that detachment that target that unit until the end of this turn.
A29: C3 | B29: =IF(A29="","",IF(A28=A29,B28+1,1)) -> 27 | C29: Tau | D29: =IF(C29="","",IF(C29=C28,D28+1,1)) -> 6 | E29: Mont'ka | F29: Tau | L29: Use when your opponent selects 1 detachment to carry out an order. One detachment lead by a Tau Commander that hasn't carried out its order replaced their order with Advance, and carries out its order before your opponent does so.
A30: C3 | B30: =IF(A30="","",IF(A29=A30,B29+1,1)) -> 28 | C30: Tau | D30: =IF(C30="","",IF(C30=C29,D29+1,1)) -> 7 | E30: Seeker Missiles | F30: Tau | G30: Vehicles | L30: Use when a Tau Vehicle makes a shoot action. Select an enemy visible to that vehicle and roll a d6. On e a 2+, place a blast marker next to that unit. If the enemy was a Heavy or Super-Heavy, place 2 blast markers instead.
A31: C3 | B31: =IF(A31="","",IF(A30=A31,B30+1,1)) -> 29 | C31: Tau | D31: =IF(C31="","",IF(C31=C30,D30+1,1)) -> 8 | E31: Invocation of the Elements | F31: Tau | G31: Ethereal | L31: Use in the Action phase. When used, select one Tau Ethereal unit. Until the end of the turn, add 1 to hit and wound rolls by Tau units within 6” of the Ethereal unit, and add 1 to saving throws for Tau units within 6” of that Ethereal unit.
A32: C3 | B32: =IF(A32="","",IF(A31=A32,B31+1,1)) -> 30 | C32: Tau | D32: =IF(C32="","",IF(C32=C31,D31+1,1)) -> 9 | E32: Early Warning Overrides | F32: Tau | G32: Battlesuit | L32: Use in the Set up Reinforcements step, after an enemy has set up an enemy unit that phase. One Tau Battlesuit makes a free shoot action against that enemy unit.
A33: C3 | B33: =IF(A33="","",IF(A32=A33,B32+1,1)) -> 31 | C33: Tau | D33: =IF(C33="","",IF(C33=C32,D32+1,1)) -> 10 | E33: Calm Discipline | F33: Sa'cea | L33: Select a detachment led by a Sa'cea Sept Commander. The detachment's order is replaced with 'Advance', and Sa'cea Sept units in the detachment add 1 to hit rolls with ranged weapons, and 2 to their leadership characterstic, until the end of their turn.
A34: C3 | B34: =IF(A34="","",IF(A33=A34,B33+1,1)) -> 32 | C34: Tau | D34: =IF(C34="","",IF(C34=C33,D33+1,1)) -> 11 | E34: Adaptive Camoflage | F34: Dal'yth | L34: Use in the action phase. Select a detachment lead by a Dal'yth Sept Commander. Until the end of the turn, Dal'yth Sept units in that detachment are obscured targets.
A35: C3 | B35: =IF(A35="","",IF(A34=A35,B34+1,1)) -> 33 | C35: Tau | D35: =IF(C35="","",IF(C35=C34,D34+1,1)) -> 12 | E35: Drop Zone Clearance | F35: Farsight Enclaves | L35: Use in the Set up Reinforcements step. Up to 3 Farsight Enclaves Battlesuit units that were set up this phase make make 1 free shoot action.
A36: C3 | B36: =IF(A36="","",IF(A35=A36,B35+1,1)) -> 34 | C36: Tau | D36: =IF(C36="","",IF(C36=C35,D35+1,1)) -> 13 | E36: Superior Craftsmanship | F36: Bork'an | L36: Use in the Action phase. Select a detachment lead by a Bork'an Commander. Until the end of the turn, add 6” to the Range of ranged weapons for Bork'an Sept units, or 12” if they are performing the Aim Fire order.
A37: C3 | B37: =IF(A37="","",IF(A36=A37,B36+1,1)) -> 35 | C37: Tau | D37: =IF(C37="","",IF(C37=C36,D36+1,1)) -> 14 | E37: Strike Fast | F37: Vior'la | L37: Select a detachment led by a Vior'la Sept Commander. The detachment's order is replaced with 'Advance', and Vior'la Sept units in the detachment double their Move is doubled until the end of turn..
A38: C3 | B38: =IF(A38="","",IF(A37=A38,B37+1,1)) -> 36 | C38: Genestealer Cults | D38: =IF(C38="","",IF(C38=C37,D37+1,1)) -> 1 | E38: Concealed Explosives | F38: Genestealer Cults | G38: Warlord | L38: Use in the Action Phase. Select D3 points within 18” of a Genstealer Cults Warlord. Roll a D12 for each unit within 6” of those points, subtracting 2 from rolls if they are a Light Character, and 2 to the roll if they are Super-Heavy or Garrisoning Defensible Terrain. On an 8+, place a blast marker next to the unit.
A39: C3 | B39: =IF(A39="","",IF(A38=A39,B38+1,1)) -> 37 | C39: Genestealer Cults | D39: =IF(C39="","",IF(C39=C38,D38+1,1)) -> 2 | E39: Unquestioning Loyalty | F39: Genestealer Cults | G39: Character | L39: Use at the start of the Damage phase. Select a Genestealer Cults Character that has blast markers on it. Move up to 3 blast markers to a friendly Genestealer Cults Light unit within 6”.
A40: C3 | B40: =IF(A40="","",IF(A39=A40,B39+1,1)) -> 38 | C40: Genestealer Cults | D40: =IF(C40="","",IF(C40=C39,D39+1,1)) -> 3 | E40: A Perfect Ambush | F40: Genestealer Cults | G40: Light | L40: Use in the Reinforcements Step. Select a Genestealer Cults Light unit that was destroyed and roll a D12. If the result was equal or above the power of the unit, set up that unit anywhere on the battlefield, and 9” from any enemy units. If you roll below the power of the unit, put this card back into your hand instead of discarding it.
A41: C3 | B41: =IF(A41="","",IF(A40=A41,B40+1,1)) -> 39 | C41: Genestealer Cults | D41: =IF(C41="","",IF(C41=C40,D40+1,1)) -> 4 | E41: Lurk in the Shadows | F41: Genestealer Cults | L41: Use in the Action Phase. Select a Genstealer Cults detachment. Until the end of the turn, Genestealer Cults in that detachment are Obscured targets.
A42: C3 | B42: =IF(A42="","",IF(A41=A42,B41+1,1)) -> 40 | C42: Genestealer Cults | D42: =IF(C42="","",IF(C42=C41,D41+1,1)) -> 5 | E42: Dark Shadows | F42: Genestealer Cults | G42: Light | L42: Use at the end of the damage phase, remove up to 2 Genestealer Cults Light unit from the battlefield, put the unit into Tactical Reserves. Remove up to 3 damage markers on them. They have Deep Strike.
A43: C3 | B43: =IF(A43="","",IF(A42=A43,B42+1,1)) -> 41 | C43: Genestealer Cults | D43: =IF(C43="","",IF(C43=C42,D42+1,1)) -> 6 | E43: Rigged to Blow | F43: Genestealer Cults | G43: Biker or Vehicle | L43: Use when a Genestealer Cults biker or vehicle is destroyed. Roll a D12 for units within 6”. on a 6+, put a blast marker next to them.
A44: C3 | B44: =IF(A44="","",IF(A43=A44,B43+1,1)) -> 42 | C44: Genestealer Cults | D44: =IF(C44="","",IF(C44=C43,D43+1,1)) -> 7 | E44: Mass Hypnosis | F44: Genestealer Cults | G44: Psychic | L44: Use in the Action phase. Select a Genestealer Cults Psyker and roll a D12. On a 2+, 1/2 the Attacks characterstic of enemy light units within 6” of that Psyker. On an 11+, Increase the range to 9”.
A45: C3 | B45: =IF(A45="","",IF(A44=A45,B44+1,1)) -> 43 | C45: Genestealer Cults | D45: =IF(C45="","",IF(C45=C44,D44+1,1)) -> 8 | E45: Telepathic Summons | F45: Genestealer Cults | G45: Psychic | L45: Use in the Action phase. Select a Genestealer Cults Psyker and roll a D12. On a 3+, add a Genestealer Cults Light unit with Power Rating 10 or less anywhere on the battlefield, and 9” from any enemy units. It is part of the Psyker's detachment.
A46: C3 | B46: =IF(A46="","",IF(A45=A46,B45+1,1)) -> 44 | C46: Genestealer Cults | D46: =IF(C46="","",IF(C46=C45,D45+1,1)) -> 9 | E46: Mind Control | F46: Genestealer Cults | G46: Psychic | L46: Use in the Action phase. Select a Genestealer Cults Psyker and roll a D12. On a 3+, a Light or Heavy unit within 24” of the Psyker makes a free shoot or fight action as if it were part of your army.
A47: C3 | B47: =IF(A47="","",IF(A46=A47,B46+1,1)) -> 45 | C47: Genestealer Cults | D47: =IF(C47="","",IF(C47=C46,D46+1,1)) -> 10 | E47: Driven By Demolitions | F47: Rusted Claw | G47: Biker or Vehicle | L47: Use when a Rusted Claw Biker or Vehicle makes a Move action. Select 1 enemy unit within 6”, and roll a D12. On a 3-7, place a blast marker next to it. on a 8+, place 2 blast markers next to that unit. If the enemy unit is Super-Heavy, double the blast markers place next to it.
A48: C3 | B48: =IF(A48="","",IF(A47=A48,B47+1,1)) -> 46 | C48: Genestealer Cults | D48: =IF(C48="","",IF(C48=C47,D47+1,1)) -> 11 | E48: Overthrow the Oppressors | F48: Bladed Cog | L48: Use in the action phase. Until the end of the turn, Bladed Clog units that arget enemy Character units roll D12s instead of D6s for to-hit rolls.
A49: C3 | B49: =IF(A49="","",IF(A48=A49,B48+1,1)) -> 47 | C49: Genestealer Cults | D49: =IF(C49="","",IF(C49=C48,D48+1,1)) -> 12 | E49: Subterranean Ambushers | F49: Cult of the Four-Armed Emperor | L49: Use when your opponent selects a detachment to carry out an order. Select a detachment lead by a Four-Armed Emperor that has not carried out an order. They carry out their order, and if a Four-Armed Emperor unit in that detachment was set up on the battlefield this turn, they add 1 to hit rolls.
A50: C3 | B50: =IF(A50="","",IF(A49=A50,B49+1,1)) -> 48 | C50: Genestealer Cults | D50: =IF(C50="","",IF(C50=C49,D49+1,1)) -> 13 | E50: Devoted Zealots | F50: Pauper Princes | L50: Use in the Action Phase. Select one detachment lead by a Pauper Princes Commander. Until the end of the turn, Pauper Prince units in that detachment can re-roll to hit rolls for attacks with melee weapons, and can re-roll Morale tests.
A51: C3 | B51: =IF(A51="","",IF(A50=A51,B50+1,1)) -> 49 | C51: Genestealer Cults | D51: =IF(C51="","",IF(C51=C50,D50+1,1)) -> 14 | E51: Disciplined Militants | F51: Hivecult | L51: Use in the Action phase before choosing a detachment to carry out their order. Select one detachment lead by a Hivecult Commander. Until the end of the turn, Hivecult units in that detachment that Fall Back may still make Fight or Shoot actions, and add 2 to their Leadership Characteristic.
A52: C3 | B52: =IF(A52="","",IF(A51=A52,B51+1,1)) -> 50 | C52: Genestealer Cults | D52: =IF(C52="","",IF(C52=C51,D51+1,1)) -> 15 | E52: Monstrous Bio-Horrors | F52: Twisted Helix | G52: Light | L52: Use in the Action Phase. Choose 1 Twisted Helix Light unit in your army. That unit makes 2 free Fight actions immediately.
A53: C3 | B53: =IF(A53="","",IF(A52=A53,B52+1,1)) -> 51 | C53: Harlequins | D53: =IF(C53="","",IF(C53=C52,D52+1,1)) -> 1 | E53: Prismatic Blur | F53: Harlequins | L53: Use at the start of the damage phase. Until the end of the phase, all Harlequins in one detachment gain +2 to saving throws.
A54: C3 | B54: =IF(A54="","",IF(A53=A54,B53+1,1)) -> 52 | C54: Harlequins | D54: =IF(C54="","",IF(C54=C53,D53+1,1)) -> 2 | E54: Luck of the Laughing God | F54: Harlequins | L54: Use after you roll a D6 or D12 in the orders, action or damage phase for a Harlequins unit. Change the result of a single D6 or D12 to the result of your choosing.
A55: C3 | B55: =IF(A55="","",IF(A54=A55,B54+1,1)) -> 53 | C55: Harlequins | D55: =IF(C55="","",IF(C55=C54,D54+1,1)) -> 3 | E55: Webway Assault | F55: Harlequins | L55: Use in the Reinforcements Step. Select a Harlequins non-character Light unit that has been destroyed and roll a D12. If the result exceeds the Power Rating of the unit, set it up more than 9” from enemy units, in its own deatchment. Otherwise return this card to your hand and you can't use it this turn.
A56: C3 | B56: =IF(A56="","",IF(A55=A56,B55+1,1)) -> 54 | C56: Harlequins | D56: =IF(C56="","",IF(C56=C55,D55+1,1)) -> 4 | E56: Veil of Tears | F56: Harlequins | G56: Psychic | L56: use in the Action phase. Roll a D12. on a 2+, a Harlequin unit within 12” of a Harlequins Psyker can only be target of ranged weapons if it is the closest enemy to the firing unit until the end of the phase.
A57: C3 | B57: =IF(A57="","",IF(A56=A57,B56+1,1)) -> 55 | C57: Adeptus Custodes | D57: =IF(C57="","",IF(C57=C56,D56+1,1)) -> 1 | E57: Sword Guardians | F57: Adeptus Custodes | L57: Use at the start of the Damage phase. Move d3 blast markers from an Imperium Character to a Light Adeptus Custodes unit within 6” of it.
A58: C3 | B58: =IF(A58="","",IF(A57=A58,B57+1,1)) -> 56 | C58: Adeptus Custodes | D58: =IF(C58="","",IF(C58=C57,D57+1,1)) -> 2 | E58: Peerless Warrior | F58: Adeptus Custodes | G58: Character | L58: Use in the Action phase. Until the end of the phase, 1 Adeptus Custodes Characters gets +2 attacks and +3 to wound rolls with melee weapons.
A59: C3 | B59: =IF(A59="","",IF(A58=A59,B58+1,1)) -> 57 | C59: Adeptus Custodes | D59: =IF(C59="","",IF(C59=C58,D58+1,1)) -> 3 | E59: From Golden Light | F59: Adeptus Custodes | G59: Light or Deadnaught | L59: Use in the Action phase. Remove 1 Adeptus Custodes Light or Dreadnaught from the table, and set it up anywhere more than 9” from your enemy units.
A60: C3 | B60: =IF(A60="","",IF(A59=A60,B59+1,1)) -> 58
A61: C3 | B61: =IF(A61="","",IF(A60=A61,B60+1,1)) -> 59
A62: C3 | B62: =IF(A62="","",IF(A61=A62,B61+1,1)) -> 60
A63: C3 | B63: =IF(A63="","",IF(A62=A63,B62+1,1)) -> 61
A64: C3 | B64: =IF(A64="","",IF(A63=A64,B63+1,1)) -> 62
A65: C3 | B65: =IF(A65="","",IF(A64=A65,B64+1,1)) -> 63
A66: C3 | B66: =IF(A66="","",IF(A65=A66,B65+1,1)) -> 64
A67: C3 | B67: =IF(A67="","",IF(A66=A67,B66+1,1)) -> 65
A68: C3 | B68: =IF(A68="","",IF(A67=A68,B67+1,1)) -> 66
A69: C3 | B69: =IF(A69="","",IF(A68=A69,B68+1,1)) -> 67
A70: C3 | B70: =IF(A70="","",IF(A69=A70,B69+1,1)) -> 68
A71: C3 | B71: =IF(A71="","",IF(A70=A71,B70+1,1)) -> 69
... A150: C3 | B150: =IF(A150="","",IF(A149=A150,B149+1,1)) -> 148

Sheet pages
C1: pg | D1: 1 | E1: 2 | F1: 3 | G1: 4 | H1: 5 | I1: 6 | J1: 7 | K1: 8 | L1: 9
B3: C | C3: =IF(EQ(B3,B2),C2+1,1) -> 1 | D3: =CONCATENATE("card-",$B3,"-",($C3-1)*9+D$1) -> card-C-1 | E3: =CONCATENATE("card-",$B3,"-",($C3-1)*9+E$1) -> card-C-2 | F3: =CONCATENATE("card-",$B3,"-",($C3-1)*9+F$1) -> card-C-3 | G3: =CONCATENATE("card-",$B3,"-",($C3-1)*9+G$1) -> card-C-4 | H3: =CONCATENATE("card-",$B3,"-",($C3-1)*9+H$1) -> card-C-5 | I3: =CONCATENATE("card-",$B3,"-",($C3-1)*9+I$1) -> card-C-6 | J3: =CONCATENATE("card-",$B3,"-",($C3-1)*9+J$1) -> card-C-7 | K3: =CONCATENATE("card-",$B3,"-",($C3-1)*9+K$1) -> card-C-8 | L3: =CONCATENATE("card-",$B3,"-",($C3-1)*9+L$1) -> card-C-9
B4: C | C4: =IF(EQ(B4,B3),C3+1,1) -> 2 | D4: =CONCATENATE("card-",$B4,"-",($C4-1)*9+D$1) -> card-C-10 | E4: =CONCATENATE("card-",$B4,"-",($C4-1)*9+E$1) -> card-C-11 | F4: =CONCATENATE("card-",$B4,"-",($C4-1)*9+F$1) -> card-C-12 | G4: =CONCATENATE("card-",$B4,"-",($C4-1)*9+G$1) -> card-C-13 | H4: =CONCATENATE("card-",$B4,"-",($C4-1)*9+H$1) -> card-C-14 | I4: =CONCATENATE("card-",$B4,"-",($C4-1)*9+I$1) -> card-C-15 | J4: =CONCATENATE("card-",$B4,"-",($C4-1)*9+J$1) -> card-C-16 | K4: =CONCATENATE("card-",$B4,"-",($C4-1)*9+K$1) -> card-C-17 | L4: =CONCATENATE("card-",$B4,"-",($C4-1)*9+L$1) -> card-C-18
B5: C | C5: =IF(EQ(B5,B4),C4+1,1) -> 3 | D5: =CONCATENATE("card-",$B5,"-",($C5-1)*9+D$1) -> card-C-19 | E5: =CONCATENATE("card-",$B5,"-",($C5-1)*9+E$1) -> card-C-20 | F5: =CONCATENATE("card-",$B5,"-",($C5-1)*9+F$1) -> card-C-21 | G5: =CONCATENATE("card-",$B5,"-",($C5-1)*9+G$1) -> card-C-22 | H5: =CONCATENATE("card-",$B5,"-",($C5-1)*9+H$1) -> card-C-23 | I5: =CONCATENATE("card-",$B5,"-",($C5-1)*9+I$1) -> card-C-24 | J5: =CONCATENATE("card-",$B5,"-",($C5-1)*9+J$1) -> card-C-25 | K5: =CONCATENATE("card-",$B5,"-",($C5-1)*9+K$1) -> card-C-26 | L5: =CONCATENATE("card-",$B5,"-",($C5-1)*9+L$1) -> card-C-27
B6: C | C6: =IF(EQ(B6,B5),C5+1,1) -> 4 | D6: =CONCATENATE("card-",$B6,"-",($C6-1)*9+D$1) -> card-C-28 | E6: =CONCATENATE("card-",$B6,"-",($C6-1)*9+E$1) -> card-C-29 | F6: =CONCATENATE("card-",$B6,"-",($C6-1)*9+F$1) -> card-C-30 | G6: =CONCATENATE("card-",$B6,"-",($C6-1)*9+G$1) -> card-C-31 | H6: =CONCATENATE("card-",$B6,"-",($C6-1)*9+H$1) -> card-C-32 | I6: =CONCATENATE("card-",$B6,"-",($C6-1)*9+I$1) -> card-C-33 | J6: =CONCATENATE("card-",$B6,"-",($C6-1)*9+J$1) -> card-C-34 | K6: =CONCATENATE("card-",$B6,"-",($C6-1)*9+K$1) -> card-C-35 | L6: =CONCATENATE("card-",$B6,"-",($C6-1)*9+L$1) -> card-C-36
B7: C | C7: =IF(EQ(B7,B6),C6+1,1) -> 5 | D7: =CONCATENATE("card-",$B7,"-",($C7-1)*9+D$1) -> card-C-37 | E7: =CONCATENATE("card-",$B7,"-",($C7-1)*9+E$1) -> card-C-38 | F7: =CONCATENATE("card-",$B7,"-",($C7-1)*9+F$1) -> card-C-39 | G7: =CONCATENATE("card-",$B7,"-",($C7-1)*9+G$1) -> card-C-40 | H7: =CONCATENATE("card-",$B7,"-",($C7-1)*9+H$1) -> card-C-41 | I7: =CONCATENATE("card-",$B7,"-",($C7-1)*9+I$1) -> card-C-42 | J7: =CONCATENATE("card-",$B7,"-",($C7-1)*9+J$1) -> card-C-43 | K7: =CONCATENATE("card-",$B7,"-",($C7-1)*9+K$1) -> card-C-44 | L7: =CONCATENATE("card-",$B7,"-",($C7-1)*9+L$1) -> card-C-45
B8: C | C8: =IF(EQ(B8,B7),C7+1,1) -> 6 | D8: =CONCATENATE("card-",$B8,"-",($C8-1)*9+D$1) -> card-C-46 | E8: =CONCATENATE("card-",$B8,"-",($C8-1)*9+E$1) -> card-C-47 | F8: =CONCATENATE("card-",$B8,"-",($C8-1)*9+F$1) -> card-C-48 | G8: =CONCATENATE("card-",$B8,"-",($C8-1)*9+G$1) -> card-C-49 | H8: =CONCATENATE("card-",$B8,"-",($C8-1)*9+H$1) -> card-C-50 | I8: =CONCATENATE("card-",$B8,"-",($C8-1)*9+I$1) -> card-C-51 | J8: =CONCATENATE("card-",$B8,"-",($C8-1)*9+J$1) -> card-C-52 | K8: =CONCATENATE("card-",$B8,"-",($C8-1)*9+K$1) -> card-C-53 | L8: =CONCATENATE("card-",$B8,"-",($C8-1)*9+L$1) -> card-C-54
B9: C | C9: =IF(EQ(B9,B8),C8+1,1) -> 7 | D9: =CONCATENATE("card-",$B9,"-",($C9-1)*9+D$1) -> card-C-55 | E9: =CONCATENATE("card-",$B9,"-",($C9-1)*9+E$1) -> card-C-56 | F9: =CONCATENATE("card-",$B9,"-",($C9-1)*9+F$1) -> card-C-57 | G9: =CONCATENATE("card-",$B9,"-",($C9-1)*9+G$1) -> card-C-58 | H9: =CONCATENATE("card-",$B9,"-",($C9-1)*9+H$1) -> card-C-59 | I9: =CONCATENATE("card-",$B9,"-",($C9-1)*9+I$1) -> card-C-60 | J9: =CONCATENATE("card-",$B9,"-",($C9-1)*9+J$1) -> card-C-61 | K9: =CONCATENATE("card-",$B9,"-",($C9-1)*9+K$1) -> card-C-62 | L9: =CONCATENATE("card-",$B9,"-",($C9-1)*9+L$1) -> card-C-63
B10: C | C10: =IF(EQ(B10,B9),C9+1,1) -> 8 | D10: =CONCATENATE("card-",$B10,"-",($C10-1)*9+D$1) -> card-C-64 | E10: =CONCATENATE("card-",$B10,"-",($C10-1)*9+E$1) -> card-C-65 | F10: =CONCATENATE("card-",$B10,"-",($C10-1)*9+F$1) -> card-C-66 | G10: =CONCATENATE("card-",$B10,"-",($C10-1)*9+G$1) -> card-C-67 | H10: =CONCATENATE("card-",$B10,"-",($C10-1)*9+H$1) -> card-C-68 | I10: =CONCATENATE("card-",$B10,"-",($C10-1)*9+I$1) -> card-C-69 | J10: =CONCATENATE("card-",$B10,"-",($C10-1)*9+J$1) -> card-C-70 | K10: =CONCATENATE("card-",$B10,"-",($C10-1)*9+K$1) -> card-C-71 | L10: =CONCATENATE("card-",$B10,"-",($C10-1)*9+L$1) -> card-C-72
B11: C | C11: =IF(EQ(B11,B10),C10+1,1) -> 9 | D11: =CONCATENATE("card-",$B11,"-",($C11-1)*9+D$1) -> card-C-73 | E11: =CONCATENATE("card-",$B11,"-",($C11-1)*9+E$1) -> card-C-74 | F11: =CONCATENATE("card-",$B11,"-",($C11-1)*9+F$1) -> card-C-75 | G11: =CONCATENATE("card-",$B11,"-",($C11-1)*9+G$1) -> card-C-76 | H11: =CONCATENATE("card-",$B11,"-",($C11-1)*9+H$1) -> card-C-77 | I11: =CONCATENATE("card-",$B11,"-",($C11-1)*9+I$1) -> card-C-78 | J11: =CONCATENATE("card-",$B11,"-",($C11-1)*9+J$1) -> card-C-79 | K11: =CONCATENATE("card-",$B11,"-",($C11-1)*9+K$1) -> card-C-80 | L11: =CONCATENATE("card-",$B11,"-",($C11-1)*9+L$1) -> card-C-81
B12: C | C12: =IF(EQ(B12,B11),C11+1,1) -> 10 | D12: =CONCATENATE("card-",$B12,"-",($C12-1)*9+D$1) -> card-C-82 | E12: =CONCATENATE("card-",$B12,"-",($C12-1)*9+E$1) -> card-C-83 | F12: =CONCATENATE("card-",$B12,"-",($C12-1)*9+F$1) -> card-C-84 | G12: =CONCATENATE("card-",$B12,"-",($C12-1)*9+G$1) -> card-C-85 | H12: =CONCATENATE("card-",$B12,"-",($C12-1)*9+H$1) -> card-C-86 | I12: =CONCATENATE("card-",$B12,"-",($C12-1)*9+I$1) -> card-C-87 | J12: =CONCATENATE("card-",$B12,"-",($C12-1)*9+J$1) -> card-C-88 | K12: =CONCATENATE("card-",$B12,"-",($C12-1)*9+K$1) -> card-C-89 | L12: =CONCATENATE("card-",$B12,"-",($C12-1)*9+L$1) -> card-C-90
B13: C | C13: =IF(EQ(B13,B12),C12+1,1) -> 11 | D13: =CONCATENATE("card-",$B13,"-",($C13-1)*9+D$1) -> card-C-91 | E13: =CONCATENATE("card-",$B13,"-",($C13-1)*9+E$1) -> card-C-92 | F13: =CONCATENATE("card-",$B13,"-",($C13-1)*9+F$1) -> card-C-93 | G13: =CONCATENATE("card-",$B13,"-",($C13-1)*9+G$1) -> card-C-94 | H13: =CONCATENATE("card-",$B13,"-",($C13-1)*9+H$1) -> card-C-95 | I13: =CONCATENATE("card-",$B13,"-",($C13-1)*9+I$1) -> card-C-96 | J13: =CONCATENATE("card-",$B13,"-",($C13-1)*9+J$1) -> card-C-97 | K13: =CONCATENATE("card-",$B13,"-",($C13-1)*9+K$1) -> card-C-98 | L13: =CONCATENATE("card-",$B13,"-",($C13-1)*9+L$1) -> card-C-99
B14: C | C14: =IF(EQ(B14,B13),C13+1,1) -> 12 | D14: =CONCATENATE("card-",$B14,"-",($C14-1)*9+D$1) -> card-C-100 | E14: =CONCATENATE("card-",$B14,"-",($C14-1)*9+E$1) -> card-C-101 | F14: =CONCATENATE("card-",$B14,"-",($C14-1)*9+F$1) -> card-C-102 | G14: =CONCATENATE("card-",$B14,"-",($C14-1)*9+G$1) -> card-C-103 | H14: =CONCATENATE("card-",$B14,"-",($C14-1)*9+H$1) -> card-C-104 | I14: =CONCATENATE("card-",$B14,"-",($C14-1)*9+I$1) -> card-C-105 | J14: =CONCATENATE("card-",$B14,"-",($C14-1)*9+J$1) -> card-C-106 | K14: =CONCATENATE("card-",$B14,"-",($C14-1)*9+K$1) -> card-C-107 | L14: =CONCATENATE("card-",$B14,"-",($C14-1)*9+L$1) -> card-C-108
B15: C | C15: =IF(EQ(B15,B14),C14+1,1) -> 13 | D15: =CONCATENATE("card-",$B15,"-",($C15-1)*9+D$1) -> card-C-109 | E15: =CONCATENATE("card-",$B15,"-",($C15-1)*9+E$1) -> card-C-110 | F15: =CONCATENATE("card-",$B15,"-",($C15-1)*9+F$1) -> card-C-111 | G15: =CONCATENATE("card-",$B15,"-",($C15-1)*9+G$1) -> card-C-112 | H15: =CONCATENATE("card-",$B15,"-",($C15-1)*9+H$1) -> card-C-113 | I15: =CONCATENATE("card-",$B15,"-",($C15-1)*9+I$1) -> card-C-114 | J15: =CONCATENATE("card-",$B15,"-",($C15-1)*9+J$1) -> card-C-115 | K15: =CONCATENATE("card-",$B15,"-",($C15-1)*9+K$1) -> card-C-116 | L15: =CONCATENATE("card-",$B15,"-",($C15-1)*9+L$1) -> card-C-117
B16: C | C16: =IF(EQ(B16,B15),C15+1,1) -> 14 | D16: =CONCATENATE("card-",$B16,"-",($C16-1)*9+D$1) -> card-C-118 | E16: Blank | F16: Blank | G16: Blank | H16: Blank | I16: Blank | J16: Blank | K16: Blank | L16: Blank
B17: C2 | C17: =IF(EQ(B17,B16),C16+1,1) -> 1 | D17: =CONCATENATE("card-",$B17,"-",($C17-1)*9+D$1) -> card-C2-1 | E17: =CONCATENATE("card-",$B17,"-",($C17-1)*9+E$1) -> card-C2-2 | F17: =CONCATENATE("card-",$B17,"-",($C17-1)*9+F$1) -> card-C2-3 | G17: =CONCATENATE("card-",$B17,"-",($C17-1)*9+G$1) -> card-C2-4 | H17: =CONCATENATE("card-",$B17,"-",($C17-1)*9+H$1) -> card-C2-5 | I17: =CONCATENATE("card-",$B17,"-",($C17-1)*9+I$1) -> card-C2-6 | J17: =CONCATENATE("card-",$B17,"-",($C17-1)*9+J$1) -> card-C2-7 | K17: =CONCATENATE("card-",$B17,"-",($C17-1)*9+K$1) -> card-C2-8 | L17: =CONCATENATE("card-",$B17,"-",($C17-1)*9+L$1) -> card-C2-9
B18: C2 | C18: =IF(EQ(B18,B17),C17+1,1) -> 2 | D18: =CONCATENATE("card-",$B18,"-",($C18-1)*9+D$1) -> card-C2-10 | E18: =CONCATENATE("card-",$B18,"-",($C18-1)*9+E$1) -> card-C2-11 | F18: =CONCATENATE("card-",$B18,"-",($C18-1)*9+F$1) -> card-C2-12 | G18: =CONCATENATE("card-",$B18,"-",($C18-1)*9+G$1) -> card-C2-13 | H18: =CONCATENATE("card-",$B18,"-",($C18-1)*9+H$1) -> card-C2-14 | I18: =CONCATENATE("card-",$B18,"-",($C18-1)*9+I$1) -> card-C2-15 | J18: =CONCATENATE("card-",$B18,"-",($C18-1)*9+J$1) -> card-C2-16 | K18: =CONCATENATE("card-",$B18,"-",($C18-1)*9+K$1) -> card-C2-17 | L18: =CONCATENATE("card-",$B18,"-",($C18-1)*9+L$1) -> card-C2-18
B19: C2 | C19: =IF(EQ(B19,B18),C18+1,1) -> 3 | D19: =CONCATENATE("card-",$B19,"-",($C19-1)*9+D$1) -> card-C2-19 | E19: =CONCATENATE("card-",$B19,"-",($C19-1)*9+E$1) -> card-C2-20 | F19: =CONCATENATE("card-",$B19,"-",($C19-1)*9+F$1) -> card-C2-21 | G19: =CONCATENATE("card-",$B19,"-",($C19-1)*9+G$1) -> card-C2-22 | H19: =CONCATENATE("card-",$B19,"-",($C19-1)*9+H$1) -> card-C2-23 | I19: =CONCATENATE("card-",$B19,"-",($C19-1)*9+I$1) -> card-C2-24 | J19: =CONCATENATE("card-",$B19,"-",($C19-1)*9+J$1) -> card-C2-25 | K19: =CONCATENATE("card-",$B19,"-",($C19-1)*9+K$1) -> card-C2-26 | L19: =CONCATENATE("card-",$B19,"-",($C19-1)*9+L$1) -> card-C2-27
B20: C2 | C20: =IF(EQ(B20,B19),C19+1,1) -> 4 | D20: =CONCATENATE("card-",$B20,"-",($C20-1)*9+D$1) -> card-C2-28 | E20: =CONCATENATE("card-",$B20,"-",($C20-1)*9+E$1) -> card-C2-29 | F20: =CONCATENATE("card-",$B20,"-",($C20-1)*9+F$1) -> card-C2-30 | G20: =CONCATENATE("card-",$B20,"-",($C20-1)*9+G$1) -> card-C2-31 | H20: =CONCATENATE("card-",$B20,"-",($C20-1)*9+H$1) -> card-C2-32 | I20: =CONCATENATE("card-",$B20,"-",($C20-1)*9+I$1) -> card-C2-33 | J20: =CONCATENATE("card-",$B20,"-",($C20-1)*9+J$1) -> card-C2-34 | K20: =CONCATENATE("card-",$B20,"-",($C20-1)*9+K$1) -> card-C2-35 | L20: =CONCATENATE("card-",$B20,"-",($C20-1)*9+L$1) -> card-C2-36
B21: C2 | C21: =IF(EQ(B21,B20),C20+1,1) -> 5 | D21: =CONCATENATE("card-",$B21,"-",($C21-1)*9+D$1) -> card-C2-37 | E21: =CONCATENATE("card-",$B21,"-",($C21-1)*9+E$1) -> card-C2-38 | F21: =CONCATENATE("card-",$B21,"-",($C21-1)*9+F$1) -> card-C2-39 | G21: =CONCATENATE("card-",$B21,"-",($C21-1)*9+G$1) -> card-C2-40 | H21: =CONCATENATE("card-",$B21,"-",($C21-1)*9+H$1) -> card-C2-41 | I21: =CONCATENATE("card-",$B21,"-",($C21-1)*9+I$1) -> card-C2-42 | J21: =CONCATENATE("card-",$B21,"-",($C21-1)*9+J$1) -> card-C2-43 | K21: =CONCATENATE("card-",$B21,"-",($C21-1)*9+K$1) -> card-C2-44 | L21: =CONCATENATE("card-",$B21,"-",($C21-1)*9+L$1) -> card-C2-45
B22: C2 | C22: =IF(EQ(B22,B21),C21+1,1) -> 6 | D22: =CONCATENATE("card-",$B22,"-",($C22-1)*9+D$1) -> card-C2-46 | E22: =CONCATENATE("card-",$B22,"-",($C22-1)*9+E$1) -> card-C2-47 | F22: =CONCATENATE("card-",$B22,"-",($C22-1)*9+F$1) -> card-C2-48 | G22: =CONCATENATE("card-",$B22,"-",($C22-1)*9+G$1) -> card-C2-49 | H22: =CONCATENATE("card-",$B22,"-",($C22-1)*9+H$1) -> card-C2-50 | I22: =CONCATENATE("card-",$B22,"-",($C22-1)*9+I$1) -> card-C2-51 | J22: =CONCATENATE("card-",$B22,"-",($C22-1)*9+J$1) -> card-C2-52 | K22: =CONCATENATE("card-",$B22,"-",($C22-1)*9+K$1) -> card-C2-53 | L22: =CONCATENATE("card-",$B22,"-",($C22-1)*9+L$1) -> card-C2-54
B23: C2 | C23: =IF(EQ(B23,B22),C22+1,1) -> 7 | D23: =CONCATENATE("card-",$B23,"-",($C23-1)*9+D$1) -> card-C2-55 | E23: =CONCATENATE("card-",$B23,"-",($C23-1)*9+E$1) -> card-C2-56 | F23: =CONCATENATE("card-",$B23,"-",($C23-1)*9+F$1) -> card-C2-57 | G23: =CONCATENATE("card-",$B23,"-",($C23-1)*9+G$1) -> card-C2-58 | H23: =CONCATENATE("card-",$B23,"-",($C23-1)*9+H$1) -> card-C2-59 | I23: =CONCATENATE("card-",$B23,"-",($C23-1)*9+I$1) -> card-C2-60 | J23: =CONCATENATE("card-",$B23,"-",($C23-1)*9+J$1) -> card-C2-61 | K23: =CONCATENATE("card-",$B23,"-",($C23-1)*9+K$1) -> card-C2-62 | L23: =CONCATENATE("card-",$B23,"-",($C23-1)*9+L$1) -> card-C2-63
B24: C2 | C24: =IF(EQ(B24,B23),C23+1,1) -> 8 | D24: =CONCATENATE("card-",$B24,"-",($C24-1)*9+D$1) -> card-C2-64 | E24: =CONCATENATE("card-",$B24,"-",($C24-1)*9+E$1) -> card-C2-65 | F24: =CONCATENATE("card-",$B24,"-",($C24-1)*9+F$1) -> card-C2-66 | G24: =CONCATENATE("card-",$B24,"-",($C24-1)*9+G$1) -> card-C2-67 | H24: =CONCATENATE("card-",$B24,"-",($C24-1)*9+H$1) -> card-C2-68 | I24: =CONCATENATE("card-",$B24,"-",($C24-1)*9+I$1) -> card-C2-69 | J24: =CONCATENATE("card-",$B24,"-",($C24-1)*9+J$1) -> card-C2-70 | K24: =CONCATENATE("card-",$B24,"-",($C24-1)*9+K$1) -> card-C2-71 | L24: =CONCATENATE("card-",$B24,"-",($C24-1)*9+L$1) -> card-C2-72
B25: C2 | C25: =IF(EQ(B25,B24),C24+1,1) -> 9 | D25: =CONCATENATE("card-",$B25,"-",($C25-1)*9+D$1) -> card-C2-73 | E25: =CONCATENATE("card-",$B25,"-",($C25-1)*9+E$1) -> card-C2-74 | F25: =CONCATENATE("card-",$B25,"-",($C25-1)*9+F$1) -> card-C2-75 | G25: =CONCATENATE("card-",$B25,"-",($C25-1)*9+G$1) -> card-C2-76 | H25: =CONCATENATE("card-",$B25,"-",($C25-1)*9+H$1) -> card-C2-77 | I25: =CONCATENATE("card-",$B25,"-",($C25-1)*9+I$1) -> card-C2-78 | J25: =CONCATENATE("card-",$B25,"-",($C25-1)*9+J$1) -> card-C2-79 | K25: =CONCATENATE("card-",$B25,"-",($C25-1)*9+K$1) -> card-C2-80 | L25: =CONCATENATE("card-",$B25,"-",($C25-1)*9+L$1) -> card-C2-81
B26: C2 | C26: =IF(EQ(B26,B25),C25+1,1) -> 10 | D26: =CONCATENATE("card-",$B26,"-",($C26-1)*9+D$1) -> card-C2-82 | E26: =CONCATENATE("card-",$B26,"-",($C26-1)*9+E$1) -> card-C2-83 | F26: =CONCATENATE("card-",$B26,"-",($C26-1)*9+F$1) -> card-C2-84 | G26: =CONCATENATE("card-",$B26,"-",($C26-1)*9+G$1) -> card-C2-85 | H26: =CONCATENATE("card-",$B26,"-",($C26-1)*9+H$1) -> card-C2-86 | I26: =CONCATENATE("card-",$B26,"-",($C26-1)*9+I$1) -> card-C2-87 | J26: =CONCATENATE("card-",$B26,"-",($C26-1)*9+J$1) -> card-C2-88 | K26: =CONCATENATE("card-",$B26,"-",($C26-1)*9+K$1) -> card-C2-89 | L26: =CONCATENATE("card-",$B26,"-",($C26-1)*9+L$1) -> card-C2-90
B27: C2 | C27: =IF(EQ(B27,B26),C26+1,1) -> 11 | D27: =CONCATENATE("card-",$B27,"-",($C27-1)*9+D$1) -> card-C2-91 | E27: =CONCATENATE("card-",$B27,"-",($C27-1)*9+E$1) -> card-C2-92 | F27: =CONCATENATE("card-",$B27,"-",($C27-1)*9+F$1) -> card-C2-93 | G27: =CONCATENATE("card-",$B27,"-",($C27-1)*9+G$1) -> card-C2-94 | H27: =CONCATENATE("card-",$B27,"-",($C27-1)*9+H$1) -> card-C2-95 | I27: =CONCATENATE("card-",$B27,"-",($C27-1)*9+I$1) -> card-C2-96 | J27: =CONCATENATE("card-",$B27,"-",($C27-1)*9+J$1) -> card-C2-97 | K27: Blank | L27: Blank
B28: C3 | C28: =IF(EQ(B28,B27),C27+1,1) -> 1 | D28: =CONCATENATE("card-",$B28,"-",($C28-1)*9+D$1) -> card-C3-1 | E28: =CONCATENATE("card-",$B28,"-",($C28-1)*9+E$1) -> card-C3-2 | F28: =CONCATENATE("card-",$B28,"-",($C28-1)*9+F$1) -> card-C3-3 | G28: =CONCATENATE("card-",$B28,"-",($C28-1)*9+G$1) -> card-C3-4 | H28: =CONCATENATE("card-",$B28,"-",($C28-1)*9+H$1) -> card-C3-5 | I28: =CONCATENATE("card-",$B28,"-",($C28-1)*9+I$1) -> card-C3-6 | J28: =CONCATENATE("card-",$B28,"-",($C28-1)*9+J$1) -> card-C3-7 | K28: =CONCATENATE("card-",$B28,"-",($C28-1)*9+K$1) -> card-C3-8 | L28: =CONCATENATE("card-",$B28,"-",($C28-1)*9+L$1) -> card-C3-9
B29: C3 | C29: =IF(EQ(B29,B28),C28+1,1) -> 2 | D29: =CONCATENATE("card-",$B29,"-",($C29-1)*9+D$1) -> card-C3-10 | E29: =CONCATENATE("card-",$B29,"-",($C29-1)*9+E$1) -> card-C3-11 | F29: =CONCATENATE("card-",$B29,"-",($C29-1)*9+F$1) -> card-C3-12 | G29: =CONCATENATE("card-",$B29,"-",($C29-1)*9+G$1) -> card-C3-13 | H29: =CONCATENATE("card-",$B29,"-",($C29-1)*9+H$1) -> card-C3-14 | I29: =CONCATENATE("card-",$B29,"-",($C29-1)*9+I$1) -> card-C3-15 | J29: =CONCATENATE("card-",$B29,"-",($C29-1)*9+J$1) -> card-C3-16 | K29: =CONCATENATE("card-",$B29,"-",($C29-1)*9+K$1) -> card-C3-17 | L29: =CONCATENATE("card-",$B29,"-",($C29-1)*9+L$1) -> card-C3-18
B30: C3 | C30: =IF(EQ(B30,B29),C29+1,1) -> 3 | D30: =CONCATENATE("card-",$B30,"-",($C30-1)*9+D$1) -> card-C3-19 | E30: =CONCATENATE("card-",$B30,"-",($C30-1)*9+E$1) -> card-C3-20 | F30: =CONCATENATE("card-",$B30,"-",($C30-1)*9+F$1) -> card-C3-21 | G30: =CONCATENATE("card-",$B30,"-",($C30-1)*9+G$1) -> card-C3-22 | H30: =CONCATENATE("card-",$B30,"-",($C30-1)*9+H$1) -> card-C3-23 | I30: =CONCATENATE("card-",$B30,"-",($C30-1)*9+I$1) -> card-C3-24 | J30: =CONCATENATE("card-",$B30,"-",($C30-1)*9+J$1) -> card-C3-25 | K30: =CONCATENATE("card-",$B30,"-",($C30-1)*9+K$1) -> card-C3-26 | L30: =CONCATENATE("card-",$B30,"-",($C30-1)*9+L$1) -> card-C3-27
B31: C3 | C31: =IF(EQ(B31,B30),C30+1,1) -> 4 | D31: =CONCATENATE("card-",$B31,"-",($C31-1)*9+D$1) -> card-C3-28 | E31: =CONCATENATE("card-",$B31,"-",($C31-1)*9+E$1) -> card-C3-29 | F31: =CONCATENATE("card-",$B31,"-",($C31-1)*9+F$1) -> card-C3-30 | G31: =CONCATENATE("card-",$B31,"-",($C31-1)*9+G$1) -> card-C3-31 | H31: =CONCATENATE("card-",$B31,"-",($C31-1)*9+H$1) -> card-C3-32 | I31: =CONCATENATE("card-",$B31,"-",($C31-1)*9+I$1) -> card-C3-33 | J31: =CONCATENATE("card-",$B31,"-",($C31-1)*9+J$1) -> card-C3-34 | K31: =CONCATENATE("card-",$B31,"-",($C31-1)*9+K$1) -> card-C3-35 | L31: =CONCATENATE("card-",$B31,"-",($C31-1)*9+L$1) -> card-C3-36
B32: C3 | C32: =IF(EQ(B32,B31),C31+1,1) -> 5 | D32: =CONCATENATE("card-",$B32,"-",($C32-1)*9+D$1) -> card-C3-37 | E32: =CONCATENATE("card-",$B32,"-",($C32-1)*9+E$1) -> card-C3-38 | F32: =CONCATENATE("card-",$B32,"-",($C32-1)*9+F$1) -> card-C3-39 | G32: =CONCATENATE("card-",$B32,"-",($C32-1)*9+G$1) -> card-C3-40 | H32: =CONCATENATE("card-",$B32,"-",($C32-1)*9+H$1) -> card-C3-41 | I32: =CONCATENATE("card-",$B32,"-",($C32-1)*9+I$1) -> card-C3-42 | J32: =CONCATENATE("card-",$B32,"-",($C32-1)*9+J$1) -> card-C3-43 | K32: =CONCATENATE("card-",$B32,"-",($C32-1)*9+K$1) -> card-C3-44 | L32: =CONCATENATE("card-",$B32,"-",($C32-1)*9+L$1) -> card-C3-45
B33: C3 | C33: =IF(EQ(B33,B32),C32+1,1) -> 6 | D33: =CONCATENATE("card-",$B33,"-",($C33-1)*9+D$1) -> card-C3-46 | E33: =CONCATENATE("card-",$B33,"-",($C33-1)*9+E$1) -> card-C3-47 | F33: =CONCATENATE("card-",$B33,"-",($C33-1)*9+F$1) -> card-C3-48 | G33: =CONCATENATE("card-",$B33,"-",($C33-1)*9+G$1) -> card-C3-49 | H33: =CONCATENATE("card-",$B33,"-",($C33-1)*9+H$1) -> card-C3-50 | I33: =CONCATENATE("card-",$B33,"-",($C33-1)*9+I$1) -> card-C3-51 | J33: =CONCATENATE("card-",$B33,"-",($C33-1)*9+J$1) -> card-C3-52 | K33: =CONCATENATE("card-",$B33,"-",($C33-1)*9+K$1) -> card-C3-53 | L33: =CONCATENATE("card-",$B33,"-",($C33-1)*9+L$1) -> card-C3-54
B34: C3 | C34: =IF(EQ(B34,B33),C33+1,1) -> 7 | D34: =CONCATENATE("card-",$B34,"-",($C34-1)*9+D$1) -> card-C3-55 | E34: =CONCATENATE("card-",$B34,"-",($C34-1)*9+E$1) -> card-C3-56 | F34: =CONCATENATE("card-",$B34,"-",($C34-1)*9+F$1) -> card-C3-57 | G34: Blank | H34: Blank | I34: Blank | J34: Blank | K34: Blank | L34: Blank

Sheet line
A2: date | B2: =TEXT(NOW(), "YYYY/MM/DD") -> 2026/06/19 | D2: units | E2: =cards.json!P3 -> [{"id":"C-1","name":"Set Overwatch","type":"Apoc","subType":"Base","cost":"","faction":"Apoc","ability":"Use before carrying out an order for a Detachment. The order is changed to Aimed Fire.","special":"","attack":"","defense":"","shields":"","set":"C","number":"1"},{"id":"C-2","name":"Signal Advance","type":"Apoc","subType":"Base","cost":"","faction":"Apoc","ability":"Use before carrying out an order for a Detachment. The order is changed to Advance.","special":"","attack":"","defense":"","shields":"","set":"C","number":"2"},{"id":"C-3","name":"Forward, For Glory","type":"Apoc","subType":"Base","cost":"","faction":"Apoc","ability":"Use before carrying out an order for a Detachment. The order is changed to Assault.","special":"","attack":"","defense":"","shields":"","set":"C","number":"3"},{"id":"C-4","name":"Look out, Sir!","type":"Apoc","subType":"Base","cost":"","faction":"Apoc","ability":"Use at the start of the Damage phase. A Light Character can remove D3 blast markers and put it on a friendly light unit with 6” of it.","special":"","attack":"","defense":"","shields":"","set":"C","number":"4"},{"id":"C-5","name":"Divine Intervention","type":"Apoc","subType":"Base","cost":"","faction":"Apoc","ability":"Use after rolling any dice in Orders, Action or Damage phase. Change the result of 1 dice to any of your choosing.","special":"","attack":"","defense":"","shields":"","set":"C","number":"5"},{"id":"C-6","name":"Strike True","type":"Apoc","subType":"Base","cost":"","faction":"Apoc","ability":"Reroll the dice for a single Wound roll.","special":"","attack":"","defense":"","shields":"","set":"C","number":"6"},{"id":"C-7","name":"Miraculous Escape","type":"Apoc","subType":"Base","cost":"","faction":"Apoc","ability":"Use in the Damage Phase. Remove 1 blast marker on a friendly unit.","special":"","attack":"","defense":"","shields":"","set":"C","number":"7"},{"id":"C-8","name":"Go to Ground","type":"Apoc","subType":"Base","cost":"","faction":"Apoc","ability":"Use at start of the Damage phase. 1 Infantry unit not in base contact with an enemy unit doubles their saving throw results until the end of the phase.","special":"","attack":"","defense":"","shields":"","set":"C","number":"8"},{"id":"C-9","name":"Medical Suppies","type":"Apoc","subType":"Base","cost":"","faction":"Apoc","ability":"Use at the start of the Action phase. Remove d3 damage markers from a light unit.","special":"remove","attack":"","defense":"","shields":"","set":"C","number":"9"},{"id":"C-10","name":"Aim True","type":"Apoc","subType":"Base","cost":"","faction":"Apoc","ability":"Reroll the dice for a single Hit Roll.","special":"remove","attack":"","defense":"","shields":"","set":"C","number":"10"},{"id":"C-11","name":"Finest Hour","type":"Apoc","subType":"Extra","cost":"","faction":"Apoc","ability":"Use in action phase. Select 1 warmaster or Warlord. Until the end of the turn, add 1 to the unit's Attacks characteristic, add 2 to wound rolls for that unit's melee attacks, and the units melee attacks gain Destroyer.","special":"","attack":"","defense":"","shields":"","set":"C","number":"11"},{"id":"C-12","name":"Armour of Contempt","type":"Apoc","subType":"Extra","cost":"","faction":"Apoc","ability":"Use in the Damage phase. 1 unit rolls D12s for all their saving throws, regardless of the blast type.","special":"","attack":"","defense":"","shields":"","set":"C","number":"12"},{"id":"C-13","name":"Deny the Witch","type":"Apoc","subType":"Extra","cost":"","faction":"Apoc","ability":"Use when an enemy uses a Psychic Command Asset before resolving it. Roll a D12. On a 4+, cancel that asset.","special":"","attack":"","defense":"","shields":"","set":"C","number":"13"},{"id":"C-14","name":"Capture & Control","type":"Apoc","subType":"Extra","cost":"","faction":"Apoc","ability":"Use at the end of a turn. When used, select 1 objective marker in your control. You count as controlling that objective marker (even without units near it), until an enemy takes control of the marker.","special":"","attack":"","defense":"","shields":"","set":"C","number":"14"},{"id":"C-15","name":"Noble Sacrifice","type":"Apoc","subType":"Extra","cost":"","faction":"Apoc","ability":"Use when a friendly unit is destroyed, if it could explode or crush those nearby, it automatically explodes or crushes those nearby. Otherwise, place a blast marker near the closest enemy unit within 3”.","special":"","attack":"","defense":"","shields":"","set":"C","number":"15"},{"id":"C-16","name":"Reinforcements","type":"Apoc","subType":"Extra","cost":"","faction":"Apoc","ability":"Use in the Reinforcements Step. Select 1 destroyed non-character unit and roll a d12. If it's over the unit's power level, return it to the battlefield within 6” of a battlefield edge and 9” from enemy units. It is a brand new detachment. Otherwise return this card to your hand and you can't use it this turn.","special":"","attack":"","defense":"","shields":"","set":"C","number":"16"},{"id":"C-17","name":"Insane Bravery","type":"Apoc","subType":"Extra","cost":"","faction":"Apoc","ability":"Use when a unit fails a moral test. That unit passes the test instead.","special":"","attack":"","defense":"","shields":"","set":"C","number":"17"},{"id":"C-18","name":"Hold at All Costs","type":"Apoc","subType":"Extra","cost":"","faction":"Apoc","ability":"Use in any phase. Select 1 friendly unit. Until end of battle, that unit has the 'Objective Secured' ability. This turn, if it is a character, that unit can roll a D12 instead of a D6 for one Armour Save roll.","special":"","attack":"","defense":"","shields":"","set":"C","number":"18"},{"id":"C-19","name":"Behind Enemy Lines","type":"Apoc","subType":"Extra","cost":"","faction":"Apoc","ability":"Use in any phase.A unit discards all 'out of command' tokens and never gains them for the rest of the battle.","special":"","attack":"","defense":"","shields":"","set":"C","number":"19"},{"id":"C-20","name":"Seize the Initiative","type":"Apoc","subType":"Extra","cost":"","faction":"Apoc","ability":"Use after a detachment has performed an order. You can choose a detachment to perform their order next, out of order.","special":"","attack":"","defense":"","shields":"","set":"C","number":"20"},{"id":"C-21","name":"Overwhelming Firepower","type":"Apoc","subType":"Extra","cost":"","faction":"Apoc","ability":"Use before carrying out an order for a Detachment that chose Aimed Fire. Until the end of the phase, re-roll hit rolls of 1 for attacks from units in that detachment.","special":"","attack":"","defense":"","shields":"","set":"C","number":"21"},{"id":"C-22","name":"Blood And Guts","type":"Apoc","subType":"Extra","cost":"","faction":"Apoc","ability":"Use before carrying out an order for a Detachment that chose Assault. Until the end of the phase, re-roll hit rolls of 1 for attacks from units in that detachment.","special":"","attack":"","defense":"","shields":"","set":"C","number":"22"},{"id":"C-23","name":"Seek and Destroy","type":"Apoc","subType":"Extra","cost":"","faction":"Apoc","ability":"Use before carrying out an order for a Detachment that chose Advance. Until the end of the phase, re-roll hit rolls of 1 for attacks from units in that detachment.","special":"","attack":"","defense":"","shields":"","set":"C","number":"23"},{"id":"C-24","name":"Telekinetic Dome","type":"Apoc","subType":"Psychic","cost":"","faction":"Apoc","ability":"Use at start of damage phase. A friendly Psyker Tests. On 2+, choose a unit within 12” of the psyker. They can roll with D12s for saving throws against large blasts this turn. On a 7+, Choose an additional unit to be effected. ","special":"","attack":"","defense":"","shields":"","set":"C","number":"24"},{"id":"C-25","name":"Smite","type":"Apoc","subType":"Psychic","cost":"","faction":"Apoc","ability":"Use in the action phase. A friendly Psyker Tests. On a 2+, the closest enemy within 36” gets a blast marker. on a 7+, they get 2 blast markers instead.","special":"","attack":"","defense":"","shields":"","set":"C","number":"25"},{"id":"C-26","name":"Ere We go!","type":"Orks","subType":"","cost":"","faction":"Orks","ability":"Use when a detachment activates. Any units activate as if they were under the 'Assault' order, and can reroll wound rolls.","special":"","attack":"","defense":"","shields":"","set":"C","number":"26"},{"id":"C-27","name":"Dakka! Dakka! Dakka!","type":"Orks","subType":"","cost":"","faction":"Orks","ability":"Use in the action phase. Choose up to 3 Ork units in a Detachment lead by an Ork Commander. Rolls of 6s for ranged attacks cause 2 hits.","special":"","attack":"","defense":"","shields":"","set":"C","number":"27"},{"id":"C-28","name":"Da Green Tide","type":"Orks","subType":"","cost":"","faction":"Orks","ability":"Use in the Reinforcements Step. Select 1 destroyed friendly non-character light Ork unit that was destroyed and Roll a d12 and add 4. If it's more than the unit's Power, return it to the battlefield within 9” of a battlefield edge and 9” from enemy units, as its own detachment. Otherwise return this card to your hand and you can't use it this turn.","special":"","attack":"","defense":"","shields":"","set":"C","number":"28"},{"id":"C-29","name":"Grot Shields","type":"Orks","subType":"","cost":"","faction":"Orks","ability":"Use during the start of the damage Phase. 1 Ork light unit can move d3 blast markers to a gretchin unit within 6”.","special":"","attack":"","defense":"","shields":"","set":"C","number":"29"},{"id":"C-30","name":"Brutal but Kunnin'","type":"Orks","subType":"","cost":"","faction":"Orks","ability":"Use in the action phase. A single Ork Character gets +1 to hit and damage rolls, and a unit with 6” gets Stealth.","special":"","attack":"","defense":"","shields":"","set":"C","number":"30"},{"id":"C-31","name":"Kunnin but Brutal","type":"Orks","subType":"","cost":"","faction":"Orks","ability":"Use in the action phase. A single Ork Character gets stealth, and a unit with 6” gets +1 to hit and damage rolls.","special":"","attack":"","defense":"","shields":"","set":"C","number":"31"},{"id":"C-32","name":"Da Krunch","type":"Orks","subType":"Psychic","cost":"","faction":"Orks","ability":"Choose an enemy unit within 24” of an Ork Psyker. Roll a D12. On a 3+, the model gets 2 blast markers. On a 8+, the model gets 4 blast markers.","special":"","attack":"","defense":"","shields":"","set":"C","number":"32"},{"id":"C-33","name":"Da Jump","type":"Orks","subType":"Psychic","cost":"","faction":"Orks","ability":"Choose unit within 9” of an Ork Psyker. Roll a D12. On a 2+, move that unit anywhere on the battlefield further than 9” from enemy units.","special":"","attack":"","defense":"","shields":"","set":"C","number":"33"},{"id":"C-34","name":"Warpath","type":"Orks","subType":"Psychic","cost":"","faction":"Orks","ability":"Choose up to 3 light units within 12” of an Ork Psyker. Roll a D12. On a 2+, They perform a free fight action.","special":"","attack":"","defense":"","shields":"","set":"C","number":"34"},{"id":"C-35","name":"Taktiks","type":"Blood Axes","subType":"","cost":"","faction":"Orks","ability":"Use during the Action phase. Choose a detachment. Blood Axe units in that detachment can end within 1” of enemy units, and can shoot or fight, when they make a fall back move that phase.","special":"","attack":"","defense":"","shields":"","set":"C","number":"35"},{"id":"C-36","name":"Da Old Ways","type":"Snakebites","subType":"","cost":"","faction":"Orks","ability":"Use during the Damage phase. Snakebite Units in a single detachment get Ignore Damage (5+) ability.","special":"","attack":"","defense":"","shields":"","set":"C","number":"36"},{"id":"C-37","name":"Kill-Kroozer Broadside","type":"Freebooterz","subType":"","cost":"","faction":"Orks","ability":"Use in the Action Phase. Select a point visible to a friendly Freebooterz character. Roll a D12 for every unit within 6”. On a 7+, they get a blast marker. On an 11+, they take an additional blast marker. Light Characters subtract 3 from the roll.","special":"","attack":"","defense":"","shields":"","set":"C","number":"37"},{"id":"C-38","name":"Speed Freeks","type":"Evil Sunz","subType":"","cost":"","faction":"Orks","ability":"Use in Action Phase. Up to 3 Speed Freeks in a detachment can make 1 free move action.","special":"","attack":"","defense":"","shields":"","set":"C","number":"38"},{"id":"C-39","name":"Armed To Da Teef","type":"Bad Moons","subType":"","cost":"","faction":"Orks","ability":"Bad Moons Only. Use in Action Phase. Choose a detachment. Bad Moon units in that detachment can reroll hit rolls for attacks with ranged weapons.","special":"","attack":"","defense":"","shields":"","set":"C","number":"39"},{"id":"C-40","name":"Proper Killy","type":"Goffs","subType":"","cost":"","faction":"Orks","ability":"Goffs Only. Select 1 detachment. Their order is changed to 'Assault', and Goff units in that detachment add 1 to hit and wound rolls for melee attacks for Goff units in that detachment.","special":"","attack":"","defense":"","shields":"","set":"C","number":"40"},{"id":"C-41","name":"Lucky Blue Gits","type":"Deathskulls","subType":"","cost":"","faction":"Orks","ability":"Deathskulls Only. Choose a detachment. Until the end of the turn, Reroll 1s for hits and wound rolls, and reroll save rolls of 1 for Deathskulls in that detachment.","special":"","attack":"","defense":"","shields":"","set":"C","number":"41"},{"id":"C-42","name":"Webway Strike","type":"Eldar","subType":"","cost":"","faction":"Eldar","ability":"Use in the Reinforcements Step. Select 1 friendly Eldar non-character unit that was destroyed. Roll a D12. If it exceeds the power level of that unit, return it to the battlefield 9” away from enemy units, as a new Detachment. If the roll fails, return this card back into your hand and you cant use it this turn.","special":"","attack":"","defense":"","shields":"","set":"C","number":"42"},{"id":"C-43","name":"Matchless Agility","type":"Eldar","subType":"","cost":"","faction":"Eldar","ability":"Choose up to 2 Eldar light units in a detachment. they may make a free move.","special":"","attack":"","defense":"","shields":"","set":"C","number":"43"},{"id":"C-44","name":"Foreworned","type":"Eldar","subType":"","cost":"","faction":"Eldar","ability":"Use when an enemy unit moves within 10” of a Eldar unit. Up to 2 friendly Eldar units within 10” may make a free shoot action at the enemy unit.","special":"","attack":"","defense":"","shields":"","set":"C","number":"44"},{"id":"C-45","name":"Fire And Fade","type":"Eldar","subType":"","cost":"","faction":"Eldar","ability":"Use during the Action Phase after an Eldar unit attacked. It may make a free move action.","special":"","attack":"","defense":"","shields":"","set":"C","number":"45"},{"id":"C-46","name":"Phantasm","type":"Eldar","subType":"","cost":"","faction":"Eldar","ability":"Use when an Eldar unit is the target of an enemy ranged attack. Move the Eldar unit anywhere on the battlefield more than 9” from any enemy units. If it no longer visible or in range, your enemy must pick a new unit to attack, if able.","special":"","attack":"","defense":"","shields":"","set":"C","number":"46"},{"id":"C-47","name":"Feined Retreat","type":"Eldar","subType":"","cost":"","faction":"Eldar","ability":"Use during the Action Phase. An Eldar unit that fell back may end within 1” of an enemy unit, and may still make range or close combat attacks this turn.","special":"","attack":"","defense":"","shields":"","set":"C","number":"47"},{"id":"C-48","name":"Runes of Witnessing","type":"Eldar","subType":"Psychic","cost":"","faction":"Eldar","ability":"Use during the Action phase. Choose a detachment with an Eldar Psyker. You can change their order to any order before performing it.","special":"","attack":"","defense":"","shields":"","set":"C","number":"48"},{"id":"C-49","name":"Guide","type":"Eldar","subType":"Psychic","cost":"","faction":"Eldar","ability":"Use in the Action phase. Roll a D12. On a 2+, units within 6” of an Eldar Psyker roll D12s instead of D6s to hit.","special":"","attack":"","defense":"","shields":"","set":"C","number":"49"},{"id":"C-50","name":"Doom","type":"Eldar","subType":"Psychic","cost":"","faction":"Eldar","ability":"Use in the Action phase. Roll a D12. On a 2+, choose an enemy unit within 24” an Eldar Psyker unit. Reroll all failed wound rolls for attacks against that unit.","special":"","attack":"","defense":"","shields":"","set":"C","number":"50"},{"id":"C-51","name":"Fortune","type":"Eldar","subType":"Psychic","cost":"","faction":"Eldar","ability":"Use at the start of the Damage phase. Roll a D12. On success, up to 1 friendly unit within 24” of an Eldar Psyker can roll D12s for saving throws, even for large blast markers.","special":"","attack":"","defense":"","shields":"","set":"C","number":"51"},{"id":"C-52","name":"Mind War","type":"Eldar","subType":"Psychic","cost":"","faction":"Eldar","ability":"Use during the Action phase. Choose an Eldar Psyker and an enemy unit within 24”. Both units roll a d6 and add their leadership. If your roll is higher, the enemy takes 2 blast markers. If your roll is twice as high, the enemy takes 4 blast markers.","special":"","attack":"","defense":"","shields":"","set":"C","number":"52"},{"id":"C-53","name":"Wild Host","type":"Saim-Hann","subType":"","cost":"","faction":"Eldar","ability":"Use before carrying out an order for a Detachment lead by a Saim-Hann Commander. The order is changed to Advance, and until the end of the phase, double the Move Characterstic for Saim-Hann units in that detachment.","special":"","attack":"","defense":"","shields":"","set":"C","number":"53"},{"id":"C-54","name":"Forsight of the Damned","type":"Ulthwe","subType":"","cost":"","faction":"Eldar","ability":"Use during the Damage phase. Ulthwe Units in a single detachment get Ignore Damage (5+) ability.","special":"","attack":"","defense":"","shields":"","set":"C","number":"54"},{"id":"C-55","name":"Strength From Death","type":"Ynnari","subType":"","cost":"","faction":"Eldar","ability":"Use during the Damage phase, when a unit within 7” of Ynnari unit is destroyed. It can either make a free Move, Fight or Shoot action.","special":"","attack":"","defense":"","shields":"","set":"C","number":"55"},{"id":"C-56","name":"Fieldcraft","type":"Alaitoc","subType":"","cost":"","faction":"Eldar","ability":"Use in the Action Phase. Select 1 detachment. Alaitoc units in that detachment are obscured targets.","special":"","attack":"","defense":"","shields":"","set":"C","number":"56"},{"id":"C-57","name":"Swordwind","type":"Bielt-Tan","subType":"","cost":"","faction":"Eldar","ability":"Use in the Action Phase. Select 1 detachment. Biel-Tan units that hit using a small arms weapon score two hits instead of 1. Small Arms weapons count as Melee weapons as well for these units this turn.","special":"","attack":"","defense":"","shields":"","set":"C","number":"57"},{"id":"C-58","name":"Stoic Endurance","type":"Iyanden","subType":"","cost":"","faction":"Eldar","ability":"Select a detachment. Iyanden units in that detachment ignore penalties for being critically damaged, and reroll failed Morale tests this turn.","special":"","attack":"","defense":"","shields":"","set":"C","number":"58"},{"id":"C-59","name":"Angels of Death","type":"Space Marines","subType":"","cost":"","faction":"Space Marines","ability":"Choose a Space Marine unit. Up to 3 enemy units within 12” must use a D12 instead of a D6 when testing morale.","special":"","attack":"","defense":"","shields":"","set":"C","number":"59"},{"id":"C-60","name":"Only in Death Does Duty End","type":"Space Marines","subType":"Character","cost":"","faction":"Space Marines","ability":"Use when a Space Marine character unit is destroyed. Before removing it, it makes 2 fight actions back to back, adding 1 to hit and wound rolls for attacks made by that unit.","special":"","attack":"","defense":"","shields":"","set":"C","number":"60"},{"id":"C-61","name":"Honour The Chapter","type":"Space Marines","subType":"","cost":"","faction":"Space Marines","ability":"Use in the Action Phase. Up to 2 Space Marine units adds +1 Attack to their Attacks characteristic.","special":"","attack":"","defense":"","shields":"","set":"C","number":"61"},{"id":"C-62","name":"And they Shall Know no Fear.","type":"Space Marines","subType":"","cost":"","faction":"Space Marines","ability":"Use when a Space Marine model fails a morale roll. That unit automatically succeeds, and gets +1 to armour rolls.","special":"","attack":"","defense":"","shields":"","set":"C","number":"62"},{"id":"C-63","name":"Transhuman Physiology","type":"Space Marines","subType":"","cost":"","faction":"Space Marines","ability":"Use at the start of the damage phase. A Space Marine unit may reroll failed saving throw rolls.","special":"","attack":"","defense":"","shields":"","set":"C","number":"63"},{"id":"C-64","name":"Combat Doctrine","type":"Space Marines","subType":"","cost":"","faction":"Space Marines","ability":"Use in the Action phase. Choose Melee weapons, Non-Heavy Ranged weapons, or Heavy Ranged Weapons. Up to 3 Space Marine units in a detachment get +1 to hit and wound rolls when using that weapon this phase.","special":"","attack":"","defense":"","shields":"","set":"C","number":"64"},{"id":"C-65","name":"Might of Heroes","type":"Space Marines","subType":"Psychic","cost":"","faction":"Space Marines","ability":"Use in the action phase. Choose a Space Marine Psyker and a friendly Space Marine character with 12” of each other. Roll a D12. On a 2+, that character cannot make shoot actions, adds 2 to attacks, and 3 to wound rolls for attacks with their melee weapons.","special":"","attack":"","defense":"","shields":"","set":"C","number":"65"},{"id":"C-66","name":"Veil of Time","type":"Space Marines","subType":"Psychic","cost":"","faction":"Space Marines","ability":"Play when an opponent is about to carry out an order. Choose a Space Marine Psyker whose detachment hasn't carried out an order and roll a D12. On a 2+, your detachment carries out their order first.","special":"","attack":"","defense":"","shields":"","set":"C","number":"66"},{"id":"C-67","name":"Fury of The Ancients","type":"Space Marines","subType":"Psychic","cost":"","faction":"Space Marines","ability":"Use in the action phase. Choose a Space Marine Psyker and a point up to 24” away. Draw a line between the two points, and roll a D12 for every unit that crosses that line. on a 8+, place a blast marker next to that unit.","special":"","attack":"","defense":"","shields":"","set":"C","number":"67"},{"id":"C-68","name":"Sanctuary","type":"Grey Knights","subType":"Psychic","cost":"","faction":"Space Marines","ability":"use at the start of the Damage phase. Roll a D12. On a 2+, reroll saving throws for target grey Knight Psyker unit. In addition, on a 10+, place a blast marker next to each Daemon unit in base contact with the psyker.","special":"","attack":"","defense":"","shields":"","set":"C","number":"68"},{"id":"C-69","name":"Death to Xenos.","type":"Deathwatch","subType":"","cost":"","faction":"Space Marines","ability":"Use in the action phase. Select 1 Deathwatch unit to make a free shoot or fight action. Then select up to 2 other Death units to make a free fight or shoot action that target only Orks, Aeldari, Tyranids, Necrons or Tau Empire units.","special":"","attack":"","defense":"","shields":"","set":"C","number":"69"},{"id":"C-70","name":"Black Rage","type":"Blood Angels","subType":"","cost":"","faction":"Space Marines","ability":"Use in the action phase. Select a single Blood Angels unit. Until the end of the phase, successful hits cause 2 hits intead of one, or 3 hits if that unit is Death Company.","special":"","attack":"","defense":"","shields":"","set":"C","number":"70"},{"id":"C-71","name":"Saga","type":"Space Wolves","subType":"","cost":"","faction":"Space Marines","ability":"Use in the action phase. Select on character, heavy, or super-heavy unit on the battlefield. Until the end of the phase, add 1 to hit and wound rolls for attacks by space wolves against that unit, or 2 if the attacker is a character.","special":"","attack":"","defense":"","shields":"","set":"C","number":"71"},{"id":"C-72","name":"Seige Masters","type":"Imperial Fists","subType":"","cost":"","faction":"Space Marines","ability":"Use in the Action Phase. Select one Building or Defensible terrain. Until the end of the turn, Imperial Fists add 3 to their damage rolls against the selected Building or units garrisoning that terrain.","special":"","attack":"","defense":"","shields":"","set":"C","number":"72"},{"id":"C-73","name":"Stubborn","type":"Dark Angels","subType":"","cost":"","faction":"Space Marines","ability":"Use in the action phase. Select a detachment. Dark Angels units in that detachment ignore critically damaged penalties, and reroll morale tests taken for them until the end of turn.","special":"","attack":"","defense":"","shields":"","set":"C","number":"73"},{"id":"C-74","name":"Strike From Shadows","type":"Raven Guard","subType":"Infantry","cost":"","faction":"Space Marines","ability":"Use in the action phase. Until the end of the phase, raven guard infantry units in a detachment automatically hit with melee units if either attacker or defender is garrisoning a defensible terrain feature. Alternatively, a single Raven Guard infantry unit automatically hits a single enemy in melee.","special":"","attack":"","defense":"","shields":"","set":"C","number":"74"},{"id":"C-75","name":"Machine Empathy","type":"Iron Hands","subType":"Vehicle","cost":"","faction":"Space Marines","ability":"Use in the action phase. When used, select up to 3 Iron Hands vehicles. They may make 1 free shoot action.","special":"","attack":"","defense":"","shields":"","set":"C","number":"75"},{"id":"C-76","name":"Flamecraft","type":"Salamanders","subType":"","cost":"","faction":"Space Marines","ability":"Use in the action phase. Until the end of the turn, Salamanders small arms weapons from one detachment within 1/2 the weapons maximum range automatically hit, no hit roll needed.","special":"","attack":"","defense":"","shields":"","set":"C","number":"76"},{"id":"C-77","name":"Abhor The Witch","type":"Black Templars","subType":"","cost":"","faction":"Space Marines","ability":"Use when an enemy uses a psychic power asset, before its effects are resolved. If a Black templar unit is within 36” of the psyker using the power, roll a d12. On a 3+, cancel that power. Alternatively, reroll a single wound roll by an adeptus astartes.","special":"","attack":"","defense":"","shields":"","set":"C","number":"77"},{"id":"C-78","name":"Codex Discipline","type":"Ultramarines","subType":"","cost":"","faction":"Space Marines","ability":"Use before carrying out an order for a Detachment lead by an Ultramarines Commander. The order is changed to Aim fire or Advance, and until the end of the phase, Ultramarine units in that Detachment can Fall Back and still attack.","special":"","attack":"","defense":"","shields":"","set":"C","number":"78"},{"id":"C-79","name":"Lightning Assault","type":"White Scars","subType":"","cost":"","faction":"Space Marines","ability":"Use before carrying out an order for a Detachment lead by a Lighntning Assault Commander. The order is changed to Advance, and until the end of the phase, double the Move Characterstic for White Scars units in that detachment.","special":"","attack":"","defense":"","shields":"","set":"C","number":"79"},{"id":"C-80","name":"Death to the False Emperor","type":"Chaos Marines","subType":"","cost":"","faction":"Chaos Marines","ability":"Play in the Action phase. Choose a unit. The next attack from Heretic Astartes units roll D12s instead of D6s for hit rolls for attacks against that unit. If the chosen unit was Imperium, continue this effect until the end of the turn.","special":"","attack":"","defense":"","shields":"","set":"C","number":"80"},{"id":"C-81","name":"Chaos Boon","type":"Chaos Marines","subType":"","cost":"","faction":"Chaos Marines","ability":"Use in the Reinforcements Step. Select a Light Character and roll a d6. On a 2-5, add 1 to the attacks and wounds of that character for the rest of the battle. On a 1, destroy that unit and replace it with a chaos spawn. On a 6, destroy that unit and replace it with a daemon prince. These units will be under the light character's detachment.","special":"","attack":"","defense":"","shields":"","set":"C","number":"81"},{"id":"C-82","name":"Veterans of the Long War","type":"Chaos Marines","subType":"","cost":"","faction":"Chaos Marines","ability":"Play when you carry out an order. Roll a D12. On a 2+, change that order to any other order.","special":"","attack":"","defense":"","shields":"","set":"C","number":"82"},{"id":"C-83","name":"Daemonic Ritual","type":"Chaos Marines","subType":"","cost":"","faction":"Chaos Marines","ability":"Use in the Reinforcements Step. Select a Chaos Character and a Legiones Daemonica unit profile, and roll D12 and add 4. If the result is greater than the unit's Power, set it up anywhere more than 9” from enemy units, as its own detachment. Otherwise, place a blast marker on the Chaos Character, and return this card to your hand.","special":"shorter","attack":"","defense":"","shields":"","set":"C","number":"83"},{"id":"C-84","name":"Transhuman Physiology","type":"Chaos Marines","subType":"","cost":"","faction":"Chaos Marines","ability":"Use at the start of the damage phase. A unit may reroll failed saving throw rolls.","special":"","attack":"","defense":"","shields":"","set":"C","number":"84"},{"id":"C-85","name":"Spiteful Assault","type":"Chaos Marines","subType":"","cost":"","faction":"Chaos Marines","ability":"Use before making wound rolls after attacking a unit with a fight action. Wound rolls of 11+ add 1 blast marker.","special":"","attack":"","defense":"","shields":"","set":"C","number":"85"},{"id":"C-86","name":"Gift of Chaos","type":"Chaos Marines","subType":"Psychic","cost":"","faction":"Chaos Marines","ability":"Use in the action phase. Pick the closest non-character light unit of 5 within 18” to a psyker. Roll a d12. On a 1-9, place a blast marker on that unit. On a 10+, place 2 blast markers on that unit, and place a chaos spawn next to it. The Spawn is part of the Psyker's detachment.","special":"","attack":"","defense":"","shields":"","set":"C","number":"86"},{"id":"C-87","name":"Warptime","type":"Chaos Marines","subType":"Psychic","cost":"","faction":"Chaos Marines","ability":"Using during your action phase. Choose a psyker and roll a D12. on a 2+, up to 3 friendly heretic astartes or legiones Daemonica within 12” of the psyker may make a free move action.","special":"","attack":"","defense":"","shields":"","set":"C","number":"87"},{"id":"C-88","name":"Infernal Gaze","type":"Chaos Marines","subType":"Psychic","cost":"","faction":"Chaos Marines","ability":"Use in the action phase. Choose a Psyker and a point up to 18” away. Draw a line between the two points, and roll a D12 for every unit that crosses that line. on a 7+, place a blast marker next to that unit.","special":"","attack":"","defense":"","shields":"","set":"C","number":"88"},{"id":"C-89","name":"Doom Bolt","type":"Tzeentch","subType":"Psychic","cost":"","faction":"Chaos Marines","ability":"Use in the action phase. Choose a Tzeentch Psyker and roll 3 D12s. For each 5-10, place a blast marker next to the closest enemy with 24” of the psyker. For each 11+, place 2 blast markers instead.","special":"","attack":"","defense":"","shields":"","set":"C","number":"89"},{"id":"C-90","name":"Bolt of Change","type":"Tzeentch","subType":"Psychic","cost":"","faction":"Chaos Marines","ability":"Use in the action phase. Pick a Tzeentch Psyker to manifest, then select a light character within 18” and roll 2d6. If it is less than the character's power rating, place a blast marker next to it. Otherwise, immediately destroy it and replace it with a chaos spawn unit, as part of the Psyker's detachment.","special":"","attack":"","defense":"","shields":"","set":"C","number":"90"},{"id":"C-91","name":"Fury of Khorne","type":"Khorne","subType":"","cost":"","faction":"Chaos Marines","ability":"Choose a Khorne character. Add +2 to its attacks and damage rolls for this character this turn.","special":"","attack":"","defense":"","shields":"","set":"C","number":"91"},{"id":"C-92","name":"Delightful Agonies","type":"Slannesh","subType":"Psychic","cost":"","faction":"Chaos Marines","ability":"Use in the action phase. Choose a Slaanesh Psyker and one slaanesh unit with 36” of each other. Until the end of the turn, that unit ignores penalties for critical damage, and add 1 to attacks for each damage marker next to it.","special":"","attack":"","defense":"","shields":"","set":"C","number":"92"},{"id":"C-93","name":"Plague Wind","type":"Nurgle","subType":"Psychic","cost":"","faction":"Chaos Marines","ability":"Use in the action phase. Choose a Nurgle Psyker and roll a D12. On a 2+, place a blast marker next to the closest enemy within 18” to the psyker. Then roll a D12” for every other unit within 6” of that unit. On a 7+, place a blast marker nexto that unit.","special":"","attack":"","defense":"","shields":"","set":"C","number":"93"},{"id":"C-94","name":"Brotherhood of Sorcerers","type":"Thousand Sons","subType":"Psychic","cost":"","faction":"Chaos Marines","ability":"Use at any time. Search your deck for a Psychic card and draw it.","special":"","attack":"","defense":"","shields":"","set":"C","number":"94"},{"id":"C-95","name":"Black Crusaders","type":"Black Legion","subType":"","cost":"","faction":"Chaos Marines","ability":"Use before carrying out an Advance Order for a Detachment lead by a Black Legion Commander. After moving, Black Legion units in that Detachment can make a shoot action against units in base contact with them, and a fight action as well, but must target the same unit on both actions.","special":"","attack":"","defense":"","shields":"","set":"C","number":"95"},{"id":"C-96","name":"Inexorable Advance","type":"Death Guard","subType":"","cost":"","faction":"Chaos Marines","ability":"Use before carrying out an order for a Detachment lead by a Death Guard Commander. The order is changed to Advance, and until the end of the phase, double the Range of Rapid Fire weapons for Death Guard units in that detachment.","special":"","attack":"","defense":"","shields":"","set":"C","number":"96"},{"id":"C-97","name":"Butchers Nails","type":"World Eaters","subType":"","cost":"","faction":"Chaos Marines","ability":"Use before carrying out an order for a Detachment lead by a World Eaters Commander, and until the end of the phase, attacks get +1 for to-hit and to-wound rolls for melee weapons of World Eater units in that Detachment.","special":"","attack":"","defense":"","shields":"","set":"C","number":"97"},{"id":"C-98","name":"Flawless perfection","type":"Emperors Children","subType":"","cost":"","faction":"Chaos Marines","ability":"Use in the Action Phase. Until the end of the phase, roll D12s instead of d6s for hit rolls for attacks made by Emperors children units in a single detachment.","special":"","attack":"","defense":"","shields":"","set":"C","number":"98"},{"id":"C-99","name":"In Midnight Clad","type":"Night Lords","subType":"","cost":"","faction":"Chaos Marines","ability":"Use in the Action Phase. Select 2 Night Lord units. Until the end of the phase, those units cannot be the target of ranged attacks unless they are the closest enemy to the attacker.","special":"","attack":"","defense":"","shields":"","set":"C","number":"99"},{"id":"C-100","name":"Seige Lords","type":"Iron Warriors","subType":"","cost":"","faction":"Chaos Marines","ability":"Use in the Action Phase. Select one Building or Defensible terrain. Until the end of the turn, Iron Warriors attacking that Building or units garrisoning that terrain may re-roll attack and damage rolls.","special":"","attack":"","defense":"","shields":"","set":"C","number":"100"},{"id":"C-101","name":"Voice of Zeal","type":"Word Bearers","subType":"","cost":"","faction":"Chaos Marines","ability":"Use in the Action Phase. Select a Detachment lead by a Word Bearers Commander. Until the end of turn, Word Bearer Characters double the range of their aura abilities, and re-roll failed Morale tests for Word Bearer units in that detachment.","special":"","attack":"","defense":"","shields":"","set":"C","number":"101"},{"id":"C-102","name":"I am Alpharius","type":"Alpha Legion","subType":"","cost":"","faction":"Chaos Marines","ability":"Use when an Alpha Legion Warlord is destroyed. Choose another Alpha Legion Character. Replace that Character with the destroyed Warlord, and the Warlord does not count as destroyed. Until the end of the phase, failed Morale tests by Alpha Legion units within 12” of the Character are re-rolled.","special":"","attack":"","defense":"","shields":"","set":"C","number":"102"},{"id":"C-103","name":"Dark Raiders","type":"Red Corsairs","subType":"","cost":"","faction":"Chaos Marines","ability":"Use before carrying out an order for a Detachment lead by a Red Corsairs Commander. The order is changed to Advance, and until the end of the phase, double the Move Characterstic for Red Corsair units in that detachment.","special":"","attack":"","defense":"","shields":"","set":"C","number":"103"},{"id":"C-104","name":"Inspired Tactics","type":"Imperial Guard","subType":"Officer","cost":"","faction":"Imperial Guard","ability":"Use at any time. Search your deck or discard pile for an Officer or Tank asset card, and then shuffle your command asset deck.","special":"","attack":"","defense":"","shields":"","set":"C","number":"104"},{"id":"C-105","name":"Fix Bayonets!","type":"Imperial Guard","subType":"Officer","cost":"","faction":"Imperial Guard","ability":"Use before carrying out an order for a Detachment lead by an Imperial Guard Commander. The order is changed to Assault, and the first 2 Imperial Guard units to attack this phase add 1 to to-hit rolls.","special":"","attack":"","defense":"","shields":"","set":"C","number":"105"},{"id":"C-106","name":"Forwards, for the Emperor!","type":"Imperial Guard","subType":"Officer","cost":"","faction":"Imperial Guard","ability":"Use before carrying out an order for a Detachment lead by an Imperial Guard Commander. The order is changed to Advance, and until the end of the phase, and the first 2 Imperial Guard units to move gets +2 Move.","special":"","attack":"","defense":"","shields":"","set":"C","number":"106"},{"id":"C-107","name":"First Rank, Fire! Second Rank, Fire!","type":"Imperial Guard","subType":"Officer","cost":"","faction":"Imperial Guard","ability":"Use before carrying out an order for a Detachment lead by an Imperial Guard Commander. The order is changed to Aimed Fire, and the first 2 Imperial Guard units to attack this phase add 1 to to-hit rolls.","special":"","attack":"","defense":"","shields":"","set":"C","number":"107"},{"id":"C-108","name":"Gunners, Kill on Sight","type":"Imperial Guard","subType":"Tank","cost":"","faction":"Imperial Guard","ability":"Use when you carry out an order. At the end of the order, up to 2 Heavy Vehicles or 1 Super-Heavy vehicle in that detachment can make an additional shoot action.","special":"","attack":"","defense":"","shields":"","set":"C","number":"108"},{"id":"C-109","name":"Full Throttle","type":"Imperial Guard","subType":"Tank","cost":"","faction":"Imperial Guard","ability":"Use when you carry out an order. At the end of the order, Up to 3 Heavy Vehicles or 1 Super-Heavy vehicle in that deatchment can make an additional move action.","special":"","attack":"","defense":"","shields":"","set":"C","number":"109"},{"id":"C-110","name":"Rolling Bombardment","type":"Imperial Guard","subType":"Warlord","cost":"","faction":"Imperial Guard","ability":"Use in the action phase. Choose a point your warlord can see, and roll a D12 for every unit within 12” of that point. On a 9+, put a blast marker on that unit, or a 10+ if the unit is a light character.","special":"","attack":"","defense":"","shields":"","set":"C","number":"110"},{"id":"C-111","name":"Psychic Barrier","type":"Imperial Guard","subType":"Psychic","cost":"","faction":"Imperial Guard","ability":"Use at the start of the damage phase. Roll a D12. on a 2+, Astra militarum units within 6” of a chosen pysker dd 2 to saving rolls.","special":"","attack":"","defense":"","shields":"","set":"C","number":"111"},{"id":"C-112","name":"Terrifying Visions","type":"Imperial Guard","subType":"Psychic","cost":"","faction":"Imperial Guard","ability":"Use at the start of the damage phase. Roll a D12 and choose a point within 6” of one of your psykers. On a 2+, enemy units that fail morale tests within 6” of the point place 2 damage markers instead of just 1.","special":"","attack":"","defense":"","shields":"","set":"C","number":"112"},{"id":"C-113","name":"Born Soldiers","type":"Cadia","subType":"","cost":"","faction":"Imperial Guard","ability":"Use in the action Phase. Until the end of the turn, Roll D12s instead of D6s for ranged weapon attacks from Cadians in the detachment.","special":"","attack":"","defense":"","shields":"","set":"C","number":"113"},{"id":"C-114","name":"Vicious Traps","type":"Catachan","subType":"","cost":"","faction":"Imperial Guard","ability":"Use when your opponent is about to carry out an order. Roll a D12 each time a unit in the detachment carrying out that order moves within 12” of a catachan unit in your army. On a 9+, place a blast marker next to that unit.","special":"","attack":"","defense":"","shields":"","set":"C","number":"114"},{"id":"C-115","name":"Grim Demeanor","type":"Valhallan","subType":"","cost":"","faction":"Imperial Guard","ability":"Use in the action phase. Select a detachment. Valhallan units in that detachment ignore critically damaged penalties, and reroll morale tests taken for them until end of turn.","special":"","attack":"","defense":"","shields":"","set":"C","number":"115"},{"id":"C-116","name":"Firstborn Pride","type":"Vostroyan","subType":"","cost":"","faction":"Imperial Guard","ability":"Use in the action phase. Select up to 2 Vostroyan Infantry units. They can immedialy make a free move or shoot action.","special":"","attack":"","defense":"","shields":"","set":"C","number":"116"},{"id":"C-117","name":"Swift as Wind","type":"Tallarn","subType":"","cost":"","faction":"Imperial Guard","ability":"Use before carrying out an order for a Detachment lead by a Tallarn Commander. The order is changed to Advance, and until the end of the phase, double the Move Characterstic for Tallarn units in that detachment.","special":"","attack":"","defense":"","shields":"","set":"C","number":"117"},{"id":"C-118","name":"Parade Drill Discipline","type":"Mordian","subType":"","cost":"","faction":"Imperial Guard","ability":"Use before carrying out an order for a Detachment lead by a Mordian Commander. The order is changed to Aimed Fire, and until the end of the phase, add 1 to wound rolls from ranged weapons for Mordian units in that detachment.","special":"","attack":"","defense":"","shields":"","set":"C","number":"118"}]
D3: pages | E3: =pages.json!N3 -> {"date":"2026/06/19", "pages":[["card-C-1","card-C-2","card-C-3","card-C-4","card-C-5","card-C-6","card-C-7","card-C-8","card-C-9"],["card-C-10","card-C-11","card-C-12","card-C-13","card-C-14","card-C-15","card-C-16","card-C-17","card-C-18"],["card-C-19","card-C-20","card-C-21","card-C-22","card-C-23","card-C-24","card-C-25","card-C-26","card-C-27"],["card-C-28","card-C-29","card-C-30","card-C-31","card-C-32","card-C-33","card-C-34","card-C-35","card-C-36"],["card-C-37","card-C-38","card-C-39","card-C-40","card-C-41","card-C-42","card-C-43","card-C-44","card-C-45"],["card-C-46","card-C-47","card-C-48","card-C-49","card-C-50","card-C-51","card-C-52","card-C-53","card-C-54"],["card-C-55","card-C-56","card-C-57","card-C-58","card-C-59","card-C-60","card-C-61","card-C-62","card-C-63"],["card-C-64","card-C-65","card-C-66","card-C-67","card-C-68","card-C-69","card-C-70","card-C-71","card-C-72"],["card-C-73","card-C-74","card-C-75","card-C-76","card-C-77","card-C-78","card-C-79","card-C-80","card-C-81"],["card-C-82","card-C-83","card-C-84","card-C-85","card-C-86","card-C-87","card-C-88","card-C-89","card-C-90"],["card-C-91","card-C-92","card-C-93","card-C-94","card-C-95","card-C-96","card-C-97","card-C-98","card-C-99"],["card-C-100","card-C-101","card-C-102","card-C-103","card-C-104","card-C-105","card-C-106","card-C-107","card-C-108"],["card-C-109","card-C-110","card-C-111","card-C-112","card-C-113","card-C-114","card-C-115","card-C-116","card-C-117"],["card-C-118","Blank","Blank","Blank","Blank","Blank","Blank","Blank","Blank"],["card-C2-1","card-C2-2","card-C2-3","card-C2-4","card-C2-5","card-C2-6","card-C2-7","card-C2-8","card-C2-9"],["card-C2-10","card-C2-11","card-C2-12","card-C2-13","card-C2-14","card-C2-15","card-C2-16","card-C2-17","card-C2-18"],["card-C2-19","card-C2-20","card-C2-21","card-C2-22","card-C2-23","card-C2-24","card-C2-25","card-C2-26","card-C2-27"],["card-C2-28","card-C2-29","card-C2-30","card-C2-31","card-C2-32","card-C2-33","card-C2-34","card-C2-35","card-C2-36"],["card-C2-37","card-C2-38","card-C2-39","card-C2-40","card-C2-41","card-C2-42","card-C2-43","card-C2-44","card-C2-45"],["card-C2-46","card-C2-47","card-C2-48","card-C2-49","card-C2-50","card-C2-51","card-C2-52","card-C2-53","card-C2-54"],["card-C2-55","card-C2-56","card-C2-57","card-C2-58","card-C2-59","card-C2-60","card-C2-61","card-C2-62","card-C2-63"],["card-C2-64","card-C2-65","card-C2-66","card-C2-67","card-C2-68","card-C2-69","card-C2-70","card-C2-71","card-C2-72"],["card-C2-73","card-C2-74","card-C2-75","card-C2-76","card-C2-77","card-C2-78","card-C2-79","card-C2-80","card-C2-81"],["card-C2-82","card-C2-83","card-C2-84","card-C2-85","card-C2-86","card-C2-87","card-C2-88","card-C2-89","card-C2-90"],["card-C2-91","card-C2-92","card-C2-93","card-C2-94","card-C2-95","card-C2-96","card-C2-97","Blank","Blank"],["card-C3-1","card-C3-2","card-C3-3","card-C3-4","card-C3-5","card-C3-6","card-C3-7","card-C3-8","card-C3-9"],["card-C3-10","card-C3-11","card-C3-12","card-C3-13","card-C3-14","card-C3-15","card-C3-16","card-C3-17","card-C3-18"],["card-C3-19","card-C3-20","card-C3-21","card-C3-22","card-C3-23","card-C3-24","card-C3-25","card-C3-26","card-C3-27"],["card-C3-28","card-C3-29","card-C3-30","card-C3-31","card-C3-32","card-C3-33","card-C3-34","card-C3-35","card-C3-36"],["card-C3-37","card-C3-38","card-C3-39","card-C3-40","card-C3-41","card-C3-42","card-C3-43","card-C3-44","card-C3-45"],["card-C3-46","card-C3-47","card-C3-48","card-C3-49","card-C3-50","card-C3-51","card-C3-52","card-C3-53","card-C3-54"],["card-C3-55","card-C3-56","card-C3-57","Blank","Blank","Blank","Blank","Blank","Blank"]]}
D4: units2 | E4: =cards2.json!P3 -> [{"id":"C2-1","name":"Rotate Ion Shields","type":"Knights","subType":"","cost":"","faction":"Knights","ability":"Play in the damage phase. Remove 1 blast unit from an Imperial Knights or Chaos Knights unit.","special":"","attack":"","defense":"","shields":"","set":"C2","number":"1"},{"id":"C2-2","name":"Full Tilt","type":"Knights","subType":"","cost":"","faction":"Knights","ability":"Play in the action phase. Imperial Knights or Chaos Knights units in a detachment gain 6” to their Move.","special":"","attack":"","defense":"","shields":"","set":"C2","number":"2"},{"id":"C2-3","name":"Thunderstomp","type":"Knights","subType":"","cost":"","faction":"Knights","ability":"Use in an action phase. After an Imperial Knight or Chaos Knight unit fights, roll a D12 for each enemy light unit in base contact with it. On an 6+, that unit gets a blast marker.","special":"","attack":"","defense":"","shields":"","set":"C2","number":"3"},{"id":"C2-4","name":"Devestating Attack","type":"Knights","subType":"","cost":"","faction":"Knights","ability":"Use in the action phase. A single Imperial Knight or Chaos Knight unit gets +1 to hit and damage rolls in melee.","special":"","attack":"","defense":"","shields":"","set":"C2","number":"4"},{"id":"C2-5","name":"Heirlooms of the Household","type":"Knights","subType":"","cost":"","faction":"Knights","ability":"Search your deck for a Knight, Imperial Knight or Traitor Knight card, and then play it.","special":"","attack":"","defense":"","shields":"","set":"C2","number":"5"},{"id":"C2-6","name":"Ion Aegis","type":"Imperial Knights","subType":"","cost":"","faction":"Imperial Knights","ability":"Use in the damage phase. Chose an Imperial Knight. Imperial units within 6” of it gain Ignore Damage (6+) ability.","special":"","attack":"","defense":"","shields":"","set":"C2","number":"6"},{"id":"C2-7","name":"Legendary Hero","type":"Freeblade","subType":"","cost":"","faction":"Knights","ability":"Use in the action phase. A Freeblade unit can reroll hit and wound rolls.","special":"","attack":"","defense":"","shields":"","set":"C2","number":"7"},{"id":"C2-8","name":"Benevolence of The Machine God","type":"Questor Mechanicus","subType":"","cost":"","faction":"Imperial Knights","ability":"Use in the Order phase. A Questor Mechanicus unit can roll a d6 for each damage marker on it. On a 5+, remove 1 damage marker from that unit.","special":"","attack":"","defense":"","shields":"","set":"C2","number":"8"},{"id":"C2-9","name":"Valiant Last Stand","type":"Questor Imperialis","subType":"","cost":"","faction":"Knights","ability":"Use when a Questor Imperialis unit is destroyed. Before removing it, it makes a free shoot or fight action.","special":"","attack":"","defense":"","shields":"","set":"C2","number":"9"},{"id":"C2-10","name":"The Traitor's Mark","type":"Questor Traitoris","subType":"","cost":"","faction":"Traitor Knights","ability":"Use at the start of the damage phase. One Questor Traitoris unit gains the Terror Troops ability until the end of the phase. Then you may force the closest enemy unit within 6” of the Traitoris unit to make an immediate morale test.","special":"","attack":"","defense":"","shields":"","set":"C2","number":"10"},{"id":"C2-11","name":"Glory of the Charge","type":"House Griffith","subType":"","cost":"","faction":"Imperial Knights","ability":"Use before carrying out an order for a Detachment lead by a House Griffith Commander. The order is changed to Assault, and until the end of the phase, reroll missed hits for melee attacks for House Griffith units in that detachment.","special":"","attack":"","defense":"","shields":"","set":"C2","number":"11"},{"id":"C2-12","name":"Gallant Warriors","type":"House Terryn","subType":"","cost":"","faction":"Imperial Knights","ability":"Use in the action phase. House Terryn units in a detachment add 1 to their Attacks and hit rolls made with melee attacks, until the end of the phase.","special":"","attack":"","defense":"","shields":"","set":"C2","number":"12"},{"id":"C2-13","name":"Relentless March","type":"House Raven","subType":"","cost":"","faction":"Imperial Knights","ability":"Use before carrying out an order for a Detachment lead by a House Krast Commander. The order is changed to Advance, and until the end of the phase, double the Move Characterstic for House Krast units in that detachment.","special":"","attack":"","defense":"","shields":"","set":"C2","number":"13"},{"id":"C2-14","name":"OathKeepers","type":"House Hawkshroud","subType":"","cost":"","faction":"Imperial Knights","ability":"Use in the action phase. House Hawkshroud units in a detachment ignore criticaly damaged penalties and gain 1 to hit rolls against a chosen enemy unit.","special":"","attack":"","defense":"","shields":"","set":"C2","number":"14"},{"id":"C2-15","name":"Hunters of the Foe","type":"House Cadmus","subType":"","cost":"","faction":"Imperial Knights","ability":"Use in the Action Phase. House Cadmus units in an attachment may reroll wound rolls for melee attacks against light units.","special":"","attack":"","defense":"","shields":"","set":"C2","number":"15"},{"id":"C2-16","name":"Close-Quarters Killers","type":"House Mortan","subType":"","cost":"","faction":"Imperial Knights","ability":"Use in the Action phase. Select 1 House Mortan unit. It may make an additional fight action after its normal actions this phase.","special":"","attack":"","defense":"","shields":"","set":"C2","number":"16"},{"id":"C2-17","name":"Cold Fury","type":"House Kraft","subType":"","cost":"","faction":"Imperial Knights","ability":"Use in the Action phase. Select 1 House Krast unit that hasn't carried out its order. A unit that scores a hit with a melee weapon scores 2 hits instead of 1, for 3 for a super-heavy attack.","special":"","attack":"","defense":"","shields":"","set":"C2","number":"17"},{"id":"C2-18","name":"Firestorm Protocols","type":"House Vulker","subType":"","cost":"","faction":"Imperial Knights","ability":"Use before carrying out an order for a Detachment lead by a House Vulker Commander. The order is changed to Aimed Fire, and one House Vulker unit may make an a free additional shoot action.","special":"","attack":"","defense":"","shields":"","set":"C2","number":"18"},{"id":"C2-19","name":"Omnissiah's Grace","type":"House Taranis","subType":"","cost":"","faction":"Imperial Knights","ability":"Use in the damage phase. Units in a House Taranis Detachment gain the Ignore Damage(5+) ability.","special":"","attack":"","defense":"","shields":"","set":"C2","number":"19"},{"id":"C2-20","name":"Incantation of the Iron Soul","type":"Adeptus Mechanicus","subType":"Canticle","cost":"","faction":"Adeptus Mechanicus","ability":"Play during the start of the Damage Phase. Adeptus Mechanicus units in a detachment automatically pass morale tests.","special":"","attack":"","defense":"","shields":"","set":"C2","number":"20"},{"id":"C2-21","name":"Benediction of the Omnissiah","type":"Adeptus Mechanicus","subType":"Canticle","cost":"","faction":"Adeptus Mechanicus","ability":"Play in any phase. One Adeptus Mechanic Detachment rolls D12s instead of D6s for ranged hit rolls until the end of the phase.","special":"","attack":"","defense":"","shields":"","set":"C2","number":"21"},{"id":"C2-22","name":"Chant of the Remorseless Fist","type":"Adeptus Mechanicus","subType":"Canticle","cost":"","faction":"Adeptus Mechanicus","ability":"Play in any phase. One Adeptus Mechanic Detachment rolls D12s instead of D6s for melee hit rolls until the end of the phase.","special":"","attack":"","defense":"","shields":"","set":"C2","number":"22"},{"id":"C2-23","name":"Machine Spirits Revenge","type":"Adeptus Mechanicus","subType":"Vehicle","cost":"","faction":"Adeptus Mechanicus","ability":"Play when an Adeptus Mechanicus Vehicle unit is destroyed. Roll a d6 for each unit within 6” of it. On a 4+, that unit gets a blast marker.","special":"","attack":"","defense":"","shields":"","set":"C2","number":"23"},{"id":"C2-24","name":"Acquisition at Any Cost","type":"Adeptus Mechanicus","subType":"","cost":"","faction":"Adeptus Mechanicus","ability":"Use in any phase. Adeptus Mechanicus units of a chosen detachment have Objective Secured ability until end of turn. This turn, an Adeptus Mechanicus Warlord in that detachment can roll a D12 instead of a D6 for one Armour Save roll.","special":"","attack":"","defense":"","shields":"","set":"C2","number":"24"},{"id":"C2-25","name":"Litany of the Electromancer","type":"Adeptus Mechanicus","subType":"Canticle","cost":"","faction":"Adeptus Mechanicus","ability":"Use in an action phase. Roll a D12 for each Adeptus Mechanicus unit of one detachment in base contact with an enemy unit. On an 8+, each enemy in base contact with that unit gts a blast marker.","special":"","attack":"","defense":"","shields":"","set":"C2","number":"25"},{"id":"C2-26","name":"Protector Imperative","type":"Adeptus Mechanicus","subType":"Skitarii","cost":"","faction":"Adeptus Mechanicus","ability":"Use in an action phase. 3 Skitarii units in your army may make a free shoot action.","special":"","attack":"","defense":"","shields":"","set":"C2","number":"26"},{"id":"C2-27","name":"Machine Spirit Resurgent","type":"Adeptus Mechanicus","subType":"Vehicle","cost":"","faction":"Adeptus Mechanicus","ability":"Use during the Damage phase. Mechanicus Vehicle Units in a single detachment get Ignore Damage (5+) ability.","special":"","attack":"","defense":"","shields":"","set":"C2","number":"27"},{"id":"C2-28","name":"Gloria Mechanicus","type":"Adeptus Mechanicus","subType":"","cost":"","faction":"Adeptus Mechanicus","ability":"Play at any time. Search your deck for a Canticle and play it.","special":"","attack":"","defense":"","shields":"","set":"C2","number":"28"},{"id":"C2-29","name":"First-Hand Field Testing","type":"Ryza","subType":"","cost":"","faction":"Adeptus Mechanicus","ability":"Use in the action phase. 1 Ryza Character in your army within 24” of an enemy unit rolls a d6. If the result is equal or greater than the Character's BS, place 2 blast markers on the enemy unit.","special":"","attack":"","defense":"","shields":"","set":"C2","number":"29"},{"id":"C2-30","name":"Shroud Protocols","type":"Stygies VIII","subType":"","cost":"","faction":"Adeptus Mechanicus","ability":"Use in the action phase. Stygies VIII units in a detachment are obscured targets.","special":"","attack":"","defense":"","shields":"","set":"C2","number":"30"},{"id":"C2-31","name":"Staunch Defenders","type":"Agripinaa","subType":"","cost":"","faction":"Adeptus Mechanicus","ability":"Use before carrying out an order for a Detachment lead by a Agripinaa Commander. The order is changed to Aimed Fire, and until the end of the phase, re-roll wound rolls of 1 for ranged attacks from Agripinaa units in that detachment.","special":"","attack":"","defense":"","shields":"","set":"C2","number":"31"},{"id":"C2-32","name":"Legio Teleportarium","type":"Lucius","subType":"","cost":"","faction":"Adeptus Mechanicus","ability":"Use in the action phase. Select 1 Lucius unit, remove it, and then set it up anywhere on the battlefield more than 9” from enemy units.","special":"","attack":"","defense":"","shields":"","set":"C2","number":"32"},{"id":"C2-33","name":"Deafening Assault","type":"Metalica","subType":"","cost":"","faction":"Adeptus Mechanicus","ability":"Use in the Damage Phase. 1 Metalica unit gains Terror Troops until the end of the phase.","special":"","attack":"","defense":"","shields":"","set":"C2","number":"33"},{"id":"C2-34","name":"Refusal to Yield","type":"Graia","subType":"","cost":"","faction":"Adeptus Mechanicus","ability":"Use in the Damage Phase. Graia units in an detachment gain the Ignore Damage(5+) ability until the end of the phase.","special":"","attack":"","defense":"","shields":"","set":"C2","number":"34"},{"id":"C2-35","name":"Wrath of Mars","type":"Mars","subType":"","cost":"","faction":"Adeptus Mechanicus","ability":"Use in the action phase. Marss units in a detachment can add 1 to wound rolls for ranged attacks.","special":"","attack":"","defense":"","shields":"","set":"C2","number":"35"},{"id":"C2-36","name":"Divine Guidance","type":"Sisters of Battle","subType":"","cost":"","faction":"Sisters of Battle","ability":"Play when you carry out an order. Until end of phase, roll D12s instead of D6s for ranged weapon hit rolls by Adeptus Sororitas in this detachment.","special":"","attack":"","defense":"","shields":"","set":"C2","number":"36"},{"id":"C2-37","name":"Spirit of the Martyr","type":"Sisters of Battle","subType":"Infantry","cost":"","faction":"Sisters of Battle","ability":"Play in the action phase. Roll a D12 for every Adeptus Sororitas Infantry unit in a detachment. on a 9+, remove 1 damage marker on that unit.","special":"","attack":"","defense":"","shields":"","set":"C2","number":"37"},{"id":"C2-38","name":"Light of the Emperor","type":"Sisters of Battle","subType":"","cost":"","faction":"Sisters of Battle","ability":"Play at the start of the damage phase. All Adeptus Sororitas units in 1 detachment automatically pass their morale tests.","special":"","attack":"","defense":"","shields":"","set":"C2","number":"38"},{"id":"C2-39","name":"Shield of Faith","type":"Sisters of Battle","subType":"","cost":"","faction":"Sisters of Battle","ability":"Play at the start of the Damage phase. One Adeptus Sororitas unit always rolls D12s when making saving rolls for this phase.","special":"","attack":"","defense":"","shields":"","set":"C2","number":"39"},{"id":"C2-40","name":"Purity of Faith","type":"Sisters of Battle","subType":"","cost":"","faction":"Sisters of Battle","ability":"Play if an enemy plays a psychic power asset within 36” of an Adeptus Sororitas unit. Roll a D12. on a 1-5, keep this card. On a 6+, that psychic power's effects are not resolved. Alternatively, discard this to reroll a hit roll.","special":"","attack":"","defense":"","shields":"","set":"C2","number":"40"},{"id":"C2-41","name":"Faith and Fury","type":"Sisters of Battle","subType":"","cost":"","faction":"Sisters of Battle","ability":"Play before an Adeptus Sororitas unit makes a shoot or fight action. Each hit counts as two hits instead of one.","special":"","attack":"","defense":"","shields":"","set":"C2","number":"41"},{"id":"C2-42","name":"The Passion","type":"Sisters of Battle","subType":"","cost":"","faction":"Sisters of Battle","ability":"Use before carrying out an order for a Detachment lead by a Adepta Sororitas Commander. The order is changed to Advance, and until the end of the phase, double the Move Characterstic for Adepta Sororitas units in that detachment.","special":"","attack":"","defense":"","shields":"","set":"C2","number":"42"},{"id":"C2-43","name":"Hand of the Emperor","type":"Sisters of Battle","subType":"","cost":"","faction":"Sisters of Battle","ability":"Play when you carry out an order. Add 1 to melee weapon attacks by Adepta Sororitas, or 2 for Adepta Sororitas characters.","special":"","attack":"","defense":"","shields":"","set":"C2","number":"43"},{"id":"C2-44","name":"Blood of Martyrs","type":"Our Martyred Lady","subType":"","cost":"","faction":"Sisters of Battle","ability":"Play when an Order of Our Martyred Lady warlord is destroyed. Each unit in the warlord's detachment may make a free shoot or fight action.","special":"","attack":"","defense":"","shields":"","set":"C2","number":"44"},{"id":"C2-45","name":"Daughters of the Emperor","type":"Ebon Chalice","subType":"","cost":"","faction":"Sisters of Battle","ability":"Play at the start of the Orders Phase. If you have an Order of the Ebon Chalice Warlord, draw 1 Sisters asset from your discard pile.","special":"","attack":"","defense":"","shields":"","set":"C2","number":"45"},{"id":"C2-46","name":"Devout Serenity","type":"Sacred Rose","subType":"","cost":"","faction":"Sisters of Battle","ability":"Play when you carry out an order. Replace that order with Aimed Fire. Ranged attacks by Order of the Sacred Rose units can reroll wound rolls of 1 for attacks.","special":"","attack":"","defense":"","shields":"","set":"C2","number":"46"},{"id":"C2-47","name":"Quick to Anger","type":"Bloody Rose","subType":"","cost":"","faction":"Sisters of Battle","ability":"Use in the action phase. Up to 3 Order of the Bloody Rose add 1 to their attacks for fight actions until the end of the phase.","special":"","attack":"","defense":"","shields":"","set":"C2","number":"47"},{"id":"C2-48","name":"Deeds, Not Words","type":"Argent Shroud","subType":"","cost":"","faction":"Sisters of Battle","ability":"Use in the action phase. Up to 2 Order of the Argen Shroud units may make a free shoot or fight action.","special":"","attack":"","defense":"","shields":"","set":"C2","number":"48"},{"id":"C2-49","name":"Stoic Endurance","type":"Valorous hearth","subType":"","cost":"","faction":"Sisters of Battle","ability":"Use at the start of the Damage phase. Up to 3 Order of the Valorous heart units gain the Ignore Damage (5+) ability. Then remove this card from the game.","special":"","attack":"","defense":"","shields":"","set":"C2","number":"49"},{"id":"C2-50","name":"Star Pulse","type":"Necrons","subType":"","cost":"","faction":"Necrons","ability":"Use in the action phase. Select 1 Necron Warlord and a point visible to that warlord. Roll a D12 for up to 3 units within 6” of that point, subtracting 2 if the unit is a light character, and adding 2 if it is Super-Heavy or is garrisoning a Defensibel Terrain Feature. On a 8+, place a blast market next to the unit.","special":"","attack":"","defense":"","shields":"","set":"C2","number":"50"},{"id":"C2-51","name":"Entropic Plague","type":"Necrons","subType":"","cost":"","faction":"Necrons","ability":"Use at the start of the damage phase. Select 1 enemy unit with 12” of one of your Necron units. Halve the result of saving throws made for that enemy unit. This effect lasts until the enemy unit succeeds on a saving throw in a damage phase.","special":"","attack":"","defense":"","shields":"","set":"C2","number":"51"},{"id":"C2-52","name":"Resurrection Orb","type":"Necrons","subType":"","cost":"","faction":"Necrons","ability":"Use in action phase. Select up to 2 Light Necron units within 6” of a Lord, Overlord, or Destroyer Lord. Remove up to d3 damage markers from that unit.","special":"","attack":"","defense":"","shields":"","set":"C2","number":"52"},{"id":"C2-53","name":"Reconstitution Protocols","type":"Necrons","subType":"","cost":"","faction":"Necrons","ability":"Use in action phase. Select a Necron unit. remove up to d3 damage markers from that unit.","special":"","attack":"","defense":"","shields":"","set":"C2","number":"53"},{"id":"C2-54","name":"Stellar Alignment protocols","type":"Necrons","subType":"","cost":"","faction":"Necrons","ability":"Use in action phase. A Necron unit acts as if it is at full strength until the end of the turn.","special":"","attack":"","defense":"","shields":"","set":"C2","number":"54"},{"id":"C2-55","name":"Self Destruction","type":"Necrons","subType":"Scarabs","cost":"","faction":"Necrons","ability":"Use when Scarabs make a fight action. Select 1 enemy unit in base contact. Roll a D12 for each model in that scarabs unit. On a 3-7, place a blast marker next to the enemy. On an 8+ place 2 blast markers instead. The Scarabs unit is then destroyed.","special":"","attack":"","defense":"","shields":"","set":"C2","number":"55"},{"id":"C2-56","name":"Cosmic Fire","type":"C'tan","subType":"","cost":"","faction":"Necrons","ability":"Use in the action phase. Select 1 C'tan Shard unit and roll a d12 for each enemy within 9”, adding 1 to the result if the C'tan is Titanic. On a 7+, place a blast marker next to the unit.","special":"","attack":"","defense":"","shields":"","set":"C2","number":"56"},{"id":"C2-57","name":"Antimatter Meteor","type":"C'tan","subType":"","cost":"","faction":"Necrons","ability":"Use in the action phase. Select 1 C'tan Shard and roll a D12. Add 4 to the roll if it is titanic. On a 2-8, place blast marker next to the enemy unit. On a 9-11, place 2 next to the unit. On a 12-14, place 3 blast markers, and on 15-16 place 4.","special":"","attack":"","defense":"","shields":"","set":"C2","number":"57"},{"id":"C2-58","name":"Sky of Falling Stars","type":"C'tan","subType":"","cost":"","faction":"Necrons","ability":"Use in the action phase. Select 1 C'tan shard and 3 units with 3+ models within 24” of the C'tan. Roll a D12 for each of those unit, adding 3 if the C'tan is Titanic, and 2 if the unit has 10+ models. If the number is 7+, place a blast marker next to the unit.","special":"","attack":"","defense":"","shields":"","set":"C2","number":"58"},{"id":"C2-59","name":"Solar Fury","type":"Mephrit","subType":"","cost":"","faction":"Necrons","ability":"Use in the action phase. Until the end of the turn, select 1 detachment led by a Mephrit commander. Mephrit units add 1 to wound rolls for attacks made by ranged weapons within 1/2 the weapon's range for this phase.","special":"","attack":"","defense":"","shields":"","set":"C2","number":"59"},{"id":"C2-60","name":"Awakened By Murder","type":"Novokh","subType":"","cost":"","faction":"Necrons","ability":"Use in the action phase. Select 1 Detachment lead by a Novokh Commander. Until the end of the turn, reroll hit rolls for attacks made with melee weapons by Novokh units.","special":"","attack":"","defense":"","shields":"","set":"C2","number":"60"},{"id":"C2-61","name":"Reclaim a Lost Empire","type":"Nihilakh","subType":"","cost":"","faction":"Necrons","ability":"Use in any phase. Nihilakh units of a selected detachment with a Nihilakh commander gains the Objective Secured ability until the end of the turn. This turn, a Nihilakh Warlord in that detachment can roll a D12 instead of a D6 for one Armour Save roll.","special":"","attack":"","defense":"","shields":"","set":"C2","number":"61"},{"id":"C2-62","name":"Methodical Destruction","type":"Sautekh","subType":"","cost":"","faction":"Necrons","ability":"Use in the action phase. Select 1 enemy unit. Until the end of the turn, add 1 to hit rolls for Sautekh units targeting that unit.","special":"","attack":"","defense":"","shields":"","set":"C2","number":"62"},{"id":"C2-63","name":"Translocation Beams","type":"Nephrekh","subType":"","cost":"","faction":"Necrons","ability":"Select a detachment led by a Nephrekh Commander. The detachment's order is replaced with 'Assault', and Nephrekh units in the detachment add 5” to their move after doubling it and move as if they could Fly, but cannot end in base contact with enemy units.","special":"","attack":"","defense":"","shields":"","set":"C2","number":"63"},{"id":"C2-64","name":"Adapted to Kill","type":"Tyranids","subType":"","cost":"","faction":"Tyranids","ability":"Use in the Action Phase. Select one Tyranid unit. Until the end of the turn, re-roll hit and wound rolls by that unit, and re-roll saving throws and morale test for that unit.","special":"","attack":"","defense":"","shields":"","set":"C2","number":"64"},{"id":"C2-65","name":"Adrenal Glands","type":"Tyranids","subType":"","cost":"","faction":"Tyranids","ability":"Use in the action phase. Select one Tyranid Detachment lead by a Tyranid Commander. Up to 3 Tyranid units in that detachment may make a free action.","special":"","attack":"","defense":"","shields":"","set":"C2","number":"65"},{"id":"C2-66","name":"Sporefield","type":"Tyranids","subType":"","cost":"","faction":"Tyranids","ability":"Use in the action phase. Select on Tyranid Warlord, and select a point visible to that unit. Roll a D12 for each unit within 9” of it, subtracting 2 from the roll of the unit if it is a Light character or Tyranids unit. On a 7+, place a blast marker next to it.","special":"","attack":"","defense":"","shields":"","set":"C2","number":"66"},{"id":"C2-67","name":"Instinctive Behavior","type":"Tyranids","subType":"","cost":"","faction":"Tyranids","ability":"Use in the Action or Damage phase. Select 1 Tyranid unit that is Out of Command. Until the end of the turn, they do not count as Out of Command, and they add 1 to hit and wound rolls.","special":"","attack":"","defense":"","shields":"","set":"C2","number":"67"},{"id":"C2-68","name":"Endless Swarm","type":"Tyranids","subType":"Light","cost":"","faction":"Tyranids","ability":"Use in the Reinforcements Step. Select one Tyranid Light unit that was destroyed, and roll D12 and add 4. If the result is greater than the Power of the unit, it is returned to the field within 9” of a field edge, and more than 9” from any enemy units, as a new Detachment. Otherwise return this card to your hand and you can't use it this turn.","special":"","attack":"","defense":"","shields":"","set":"C2","number":"68"},{"id":"C2-69","name":"Shadow in the Warp","type":"Tyranids","subType":"","cost":"","faction":"Tyranids","ability":"Use when an opponent uses a Psychic power, before its effects are resolved, if at least one Tyranid Synapse unit is on the battlefied. Roll a D12. On a 3+, the effects of that Command Asset are not resolved.","special":"","attack":"","defense":"","shields":"","set":"C2","number":"69"},{"id":"C2-70","name":"The Horror","type":"Tyranids","subType":"Psychic","cost":"","faction":"Tyranids","ability":"Use in the Damage phase. Choose a Tyranid Psyker unit, and roll a D12. On a 2+, units within 24” of the psyker subtract 2 from their leadership characterstic.","special":"","attack":"","defense":"","shields":"","set":"C2","number":"70"},{"id":"C2-71","name":"Catalyst","type":"Tyranids","subType":"Psychic","cost":"","faction":"Tyranids","ability":"Use in the Damage phase. Select a Tyranid Psyker unit and roll a D12. On a 2+, that unit gains Ignore Damage (4+). On a 12+, they gain Ignore Damage (3+) instead.","special":"","attack":"","defense":"","shields":"","set":"C2","number":"71"},{"id":"C2-72","name":"Hyper Aggression","type":"Behemoth","subType":"","cost":"","faction":"Tyranids","ability":"Use when selecting a detachment led by a Behemoth Commander to carry out an order. Replace their order with Assault, and until the end of the phase, Behemoth units in that detachment add 1 to hit rolls for attacks using melee weapons.","special":"","attack":"","defense":"","shields":"","set":"C2","number":"72"},{"id":"C2-73","name":"Questing Tendrils","type":"Kraken","subType":"","cost":"","faction":"Tyranids","ability":"Use when selecting a detachment led by a Kraken Commander to carry out an order. Replace their order with Assault, and until the end of the phase, Kraken units in that detachment triple their move instead of doubling them.","special":"","attack":"","defense":"","shields":"","set":"C2","number":"73"},{"id":"C2-74","name":"Synaptic Imperative ","type":"Leviathan","subType":"","cost":"","faction":"Tyranids","ability":"Use at the start of the Damage phase. Select a detachment led by a Leviathan Commander. Until the end of the phase, Leviathan units in that detachment gain Ignore Damage (5+).","special":"","attack":"","defense":"","shields":"","set":"C2","number":"74"},{"id":"C2-75","name":"Adaptive Toxins","type":"Gorgon","subType":"","cost":"","faction":"Tyranids","ability":"Use in the Action phase. Select a detachment led by a Gorgon Commander. Until the end of the phase Gorgon units add 1 to wound rolls made with melee weapons.","special":"","attack":"","defense":"","shields":"","set":"C2","number":"75"},{"id":"C2-76","name":"Tunnel Networks","type":"Jormungandr","subType":"","cost":"","faction":"Tyranids","ability":"Use when selecting a detachment led by a Jormungandr Commander to carry out an order. Replace their order with Aimed Fire or Advance, and and Jormungandr units are obscured targets.","special":"","attack":"","defense":"","shields":"","set":"C2","number":"76"},{"id":"C2-77","name":"Endless Regeneration","type":"Hydra","subType":"","cost":"","faction":"Tyranids","ability":"Use in the Action phase. Select on Hydra unit and remove up to D3 damage from that unit.","special":"","attack":"","defense":"","shields":"","set":"C2","number":"77"},{"id":"C2-78","name":"Bio Barrage","type":"Kronos","subType":"","cost":"","faction":"Tyranids","ability":"Use when selecting a detachment led by a Kronos Commander to carry out an order. Replace their order with Aimed Fire, and until the end of the phase, roll D12s instead of D6s for hit rolls made by ranged weapons by Kronos units in that detachment.","special":"","attack":"","defense":"","shields":"","set":"C2","number":"78"},{"id":"C2-79","name":"Webway Portal","type":"Drukhari","subType":"","cost":"","faction":"Drukhari","ability":"Use in the Reinforcements Step. Select one Light Drukhari unit that has been destroyed and roll a D12. If the result exceeds the Power of the unit, place it set up anywhere more than 9” from enemy units. That unit is part of a new detachment. Otherwise, return this card to your hand you can't use it this turn.","special":"","attack":"","defense":"","shields":"","set":"C2","number":"79"},{"id":"C2-80","name":"Drain from Pain","type":"Drukhari","subType":"","cost":"","faction":"Drukhari","ability":"Use in the Action Phase, after a blast marker has been placed on an enemy unit. Until the end of the turn, Drukhari units within 6” of that unit ignore critically damaged effects, and +1 to their damage rolls.","special":"","attack":"","defense":"","shields":"","set":"C2","number":"80"},{"id":"C2-81","name":"Lightning Speed","type":"Drukhari","subType":"","cost":"","faction":"Drukhari","ability":"Use before carrying out an order for a Detachment lead by a Drukhari Commander. The order is changed to Asault, and until the end of the phase, triple instead of double the Move Characterstic for Drukhari units in that detachment.","special":"","attack":"","defense":"","shields":"","set":"C2","number":"81"},{"id":"C2-82","name":"Hit And Run","type":"Drukhari","subType":"","cost":"","faction":"Drukhari","ability":"Use before carrying out an order for a Detachment lead by a Drukhari Commander. The order is changed to Advance, and at the end of the detachments activation, each Drukhari unit in that Detachment may move 6”.","special":"","attack":"","defense":"","shields":"","set":"C2","number":"82"},{"id":"C2-83","name":"Meat Hooks","type":"Drukhari","subType":"","cost":"","faction":"Drukhari","ability":"Choose a detachment lead by a Drukhari leader. Up to 4 units with Fly that move over enemy Light units roll a D12. On a 6+, place a blast marker next to one enemy they flew over.","special":"","attack":"","defense":"","shields":"","set":"C2","number":"83"},{"id":"C2-84","name":"Cruel Deception","type":"Drukhari","subType":"","cost":"","faction":"Drukhari","ability":"Use before carrying out an order for a Detachment lead by a Drukhari Commander. The order is changed to Advance, and until the end of the phase, Drukhari units that Fell Back may still attack after Falling Back.","special":"","attack":"","defense":"","shields":"","set":"C2","number":"84"},{"id":"C2-85","name":"Crucible of Malediction","type":"Drukhari","subType":"Haemonculus","cost":"","faction":"Drukhari","ability":"Use if you have a Haemonculus unit when an opponent uses a psychic power Command Asset, after manifesting but before it is resolved. When used, roll a D6 and a D12. If the D6 is a 3+, cancel the effect of the power. If the D12 is a 5+, place a blast marker next to the unit manifesting that power.","special":"","attack":"","defense":"","shields":"","set":"C2","number":"85"},{"id":"C2-86","name":"Torment Bomb","type":"Drukhari","subType":"Archon","cost":"","faction":"Drukhari","ability":"Use in the action phase. Select one Archon unit in your army, and select one point visible to the Archon. Roll a D12 for each enemy unit within 6” of that point. If the result is greater than or equal to the Leadership of the enemy unit, place a blast marker next to that unitA","special":"","attack":"","defense":"","shields":"","set":"C2","number":"86"},{"id":"C2-87","name":"Combat Drugs","type":"Drukhari","subType":"Succubi","cost":"","faction":"Drukhari","ability":"Use in the Action phase. Select one Detachment lead by a Succubus unit in your army. Until the end of turn, roll D12s instead of D6s for hit rolls made by melee weapons with from Wych Cult units in that detachment.","special":"","attack":"","defense":"","shields":"","set":"C2","number":"87"},{"id":"C2-88","name":"Agents of vect","type":"Kabal Black Heart","subType":"Kabal","cost":"","faction":"Drukhari","ability":"Play when a non-psychic Command Asset is played, before resolving its effect, if you have a Kabal of the Black Heart Warlord. Roll a D12. On a 4+, the effect of the Command Card is cancelled, and discarded.","special":"","attack":"","defense":"","shields":"","set":"C2","number":"88"},{"id":"C2-89","name":"Failure is not an Option","type":"Kabal of the Obsidian Rose","subType":"Kabal","cost":"","faction":"Drukhari","ability":"Play when a Kabal of the Obsidion Rose unit fails its Morale Test. They pass the test instead, and may then make a free shoot or fight action.","special":"","attack":"","defense":"","shields":"","set":"C2","number":"89"},{"id":"C2-90","name":"The Serpent's Kiss","type":"Kabal","subType":"Kabal","cost":"","faction":"Drukhari","ability":"Play in the Action Phase. Select one detachment lead by a Kabal of the Poisoned Tongue Commander. Until the end of the phase, add 1 to wound rolls for weapons made by Kabal of the Poisoned Tongue unit in that detachment, that target Light units.","special":"","attack":"","defense":"","shields":"","set":"C2","number":"90"},{"id":"C2-91","name":"Slay from the Skies","type":"Kabal of the Flayed Skull","subType":"Kabal","cost":"","faction":"Drukhari","ability":"Use before carrying out an order for a Detachment lead by a Kabal of the Flayed Skull Commander. The order is changed to Advance, and until the end of the phase, add 1 for to-hit rolls and double the Move Characterstic for Kabal of Flayed Skull units with Fly in that detachment.","special":"","attack":"","defense":"","shields":"","set":"C2","number":"91"},{"id":"C2-92","name":"No Method of Death Beyond Grasp","type":"Cult of Strife","subType":"Wych Cult","cost":"","faction":"Drukhari","ability":"Select a detachment led by a Cult of Strife Commander. The detachment's order is replaced with 'Advance'. Select up to 3 Cult of Strife units in that detachment. After activating, they may make an addition shoot action, even targeting enemy units in base contact with them.","special":"","attack":"","defense":"","shields":"","set":"C2","number":"92"},{"id":"C2-93","name":"Hyper Swift Reflexes","type":"Cult of the Red Grief","subType":"Wych Cult","cost":"","faction":"Drukhari","ability":"Use in the damage phase. Choose a Cult of the Red Grief unit, a Cult of Red Grief light Character, or both in your army. Until the end of the phase, they Roll D12s for saving throws no matter the size of blast markers next to it.","special":"","attack":"","defense":"","shields":"","set":"C2","number":"93"},{"id":"C2-94","name":"Only the Strong Thrive","type":"Cult of the Cursed Blade","subType":"Wych Cult","cost":"","faction":"Drukhari","ability":"Use before carrying out an order for a Detachment lead by a Cult of the Cursed Blade Commander. Until the end of the turn, re-roll hit and wound rolls of 1 for attacks by Cult of Cursed Blade units in that detachment, as well as saving throws of 1 by Cult of Cursed Blade units in that detachment.","special":"","attack":"","defense":"","shields":"","set":"C2","number":"94"},{"id":"C2-95","name":"Connoisseurs of pain ","type":"Prophets of Flesh","subType":"Coven","cost":"","faction":"Drukhari","ability":"Use at the start of the Damage phase. Select one detachment led by a Prophets of Flesh Commander. Until the end of the phase, Prophets of Felsh units in the deatchment have Ignore Damage (5+) ability.","special":"","attack":"","defense":"","shields":"","set":"C2","number":"95"},{"id":"C2-96","name":"Distillers of Fear","type":"Dark Creed","subType":"Coven","cost":"","faction":"Drukhari","ability":"Use at the start of the Damage Phase. Select one detachment lead by a Dark Creed Commander. Until the end of the phase, Dark Creed units in that detachment have the Terror Troops ability.","special":"","attack":"","defense":"","shields":"","set":"C2","number":"96"},{"id":"C2-97","name":"Administer Punishment","type":"Coven of Twelve","subType":"Coven","cost":"","faction":"Drukhari","ability":"Use in the action phase. Select one detachment led by a Coven of Twelve Commander. Until the end of phase, Coven of Twelve units may make shoot actions against enemy units engaged by friendly units to gain re-rolls on failed to wound rolls. On to-hit rolls of a 1, resolve against friendly units engaging the target.","special":"","attack":"","defense":"","shields":"","set":"C2","number":"97"}]
